Predicted,Actual
4.203726768493652,3.799000024795532
3.9766123294830322,3.588000059127808
3.634901285171509,3.799000024795532
3.8212034702301025,3.588000059127808
3.6422531604766846,3.3059999942779537
3.376344919204712,3.6579999923706055
3.593942880630493,4.290999889373778
4.201889991760254,3.938999891281128
4.102032661437988,3.799000024795532
3.8847475051879883,4.361999988555908
4.218811988830566,4.64300012588501
4.5391526222229,4.2210001945495605
4.276630401611328,4.079999923706056
4.0648040771484375,3.86899995803833
3.796719789505005,3.938999891281128
3.8513505458831787,3.7279999256134033
3.7187182903289795,3.86899995803833
3.8048455715179443,4.432000160217285
4.28769063949585,3.377000093460083
3.574101686477661,4.079999923706056
4.060657978057861,3.588000059127808
3.639352560043335,3.4470000267028813
3.505420207977295,3.3059999942779537
3.320202112197876,3.86899995803833
3.761542320251465,3.3059999942779537
3.392460584640503,3.5169999599456787
3.5621345043182373,2.321000099182129
2.536329984664917,2.039999961853028
2.2607228755950928,1.89900004863739
2.139937400817871,2.461999893188477
2.5540637969970703,2.532000064849853
2.6185929775238037,2.039999961853028
2.2992289066314697,2.039999961853028
2.2542006969451904,0.843999981880188
1.2916009426116943,0.703000009059906
0.8977752327919006,0.703000009059906
0.6533834338188171,1.337000012397766
1.1866672039031982,0.7739999890327454
0.8745433688163757,0.0
0.26021069288253784,0.0
0.04629729688167572,0.0
-0.10190658271312714,0.7739999890327454
0.5749550461769104,1.406999945640564
1.2976714372634888,2.039999961853028
2.2570087909698486,1.2660000324249268
1.568897008895874,1.9700000286102293
2.1548469066619873,3.4470000267028813
2.9915692806243896,3.4470000267028813
3.0117568969726562,3.6579999923706055
3.373567581176758,3.236000061035156
3.2197377681732178,2.461999893188477
2.525099515914917,2.3919999599456787
2.3975470066070557,1.687999963760376
1.9584335088729858,1.2660000324249268
1.5901281833648682,2.180999994277954
2.262331247329712,0.7739999890327454
1.136282205581665,1.89900004863739
2.0149929523468018,1.8289999961853027
1.9723650217056274,2.250999927520752
2.441624879837036,2.039999961853028
2.2265031337738037,2.180999994277954
2.2909252643585205,2.3919999599456787
2.3323142528533936,1.687999963760376
1.7723503112792969,1.5479999780654907
1.6570699214935303,1.89900004863739
1.8247878551483154,2.6730000972747803
2.5701911449432373,2.884000062942505
2.852144956588745,3.799000024795532
3.6103355884552,2.9549999237060547
3.080909013748169,3.377000093460083
3.3476903438568115,4.432000160217285
4.0881757736206055,3.86899995803833
3.7890243530273438,4.150000095367432
3.987128734588623,4.150000095367432
3.9715993404388428,3.236000061035156
3.320753812789917,2.884000062942505
2.9764342308044434,2.461999893188477
2.663276433944702,3.4470000267028813
3.4494659900665283,4.079999923706056
3.9870855808258057,3.588000059127808
3.78520131111145,4.290999889373778
4.296177864074707,3.799000024795532
3.8635995388031006,3.16599988937378
3.25832200050354,4.079999923706056
3.9050357341766357,3.095000028610228
3.2641654014587402,3.588000059127808
3.6043081283569336,2.884000062942505
3.031268835067749,3.025000095367432
3.1186602115631104,3.588000059127808
3.518059253692627,3.4470000267028813
3.5320403575897217,2.884000062942505
3.0695700645446777,3.86899995803833
3.780517578125,2.884000062942505
3.072941780090332,3.3059999942779537
3.3832571506500244,4.501999855041504
4.337135314941406,4.010000228881837
4.1199493408203125,4.079999923706056
4.1506266593933105,5.205999851226807
4.983107566833496,4.290999889373778
4.338614463806152,4.290999889373778
4.283438205718994,3.938999891281128
3.882246971130371,4.2210001945495605
4.096014976501465,4.290999889373778
4.192587375640869,3.799000024795532
3.8478643894195557,3.938999891281128
3.874516248703003,4.2210001945495605
4.124242782592773,3.799000024795532
3.8767471313476562,3.5169999599456787
3.5728559494018555,4.290999889373778
4.136251926422119,4.010000228881837
4.017293930053711,4.010000228881837
4.064053058624268,1.5479999780654907
2.045131206512451,1.1959999799728394
1.3509045839309692,1.1260000467300415
1.2953754663467407,1.4769999980926514
1.5567948818206787,1.687999963760376
1.704209804534912,1.758999943733215
1.8559260368347168,2.461999893188477
2.5669007301330566,4.501999855041504
3.965792655944824,3.799000024795532
3.8287508487701416,2.6730000972747803
2.9958555698394775,2.6730000972747803
2.7316205501556396,2.602999925613404
2.640519142150879,2.250999927520752
2.417254686355591,2.180999994277954
2.3549444675445557,2.532000064849853
2.5951242446899414,2.602999925613404
2.6763956546783447,2.250999927520752
2.4603359699249268,1.8289999961853027
2.0679686069488525,2.039999961853028
2.1524691581726074,1.9700000286102293
2.0856645107269287,2.461999893188477
2.480137825012207,2.250999927520752
2.332866668701172,2.321000099182129
2.403397798538208,2.461999893188477
2.528160333633423,2.602999925613404
2.64479660987854,2.884000062942505
2.83842396736145,3.588000059127808
3.3641412258148193,4.150000095367432
3.9734864234924316,4.501999855041504
4.388706207275391,4.010000228881837
4.047448635101318,4.290999889373778
4.096827030181885,4.572999954223633
4.313000679016113,4.923999786376953
4.743337631225586,4.64300012588501
4.599455833435059,5.065000057220459
4.9201788902282715,4.994999885559082
4.877285003662109,5.135000228881836
5.0417094230651855,5.135000228881836
5.022923469543457,4.64300012588501
4.602029800415039,4.64300012588501
4.536729335784912,3.588000059127808
3.679828405380249,1.89900004863739
2.342926263809204,2.1099998950958248
2.3707048892974854,4.150000095367432
4.291679382324219,4.2210001945495605
4.2748236656188965,3.7279999256134033
4.081250190734863,3.588000059127808
3.8283867835998535,3.7279999256134033
3.7576804161071777,3.16599988937378
3.287262439727783,3.025000095367432
3.125025749206543,2.180999994277954
2.3742895126342773,2.532000064849853
2.656121015548706,2.884000062942505
2.921844720840454,3.025000095367432
3.0855562686920166,2.884000062942505
3.0102035999298096,3.938999891281128
3.8686749935150146,3.588000059127808
3.693617105484009,3.4470000267028813
3.576859951019287,3.86899995803833
3.751948833465576,3.377000093460083
3.3510537147521973,2.813999891281128
2.875925302505493,2.74399995803833
2.816903829574585,2.884000062942505
2.944719076156616,2.813999891281128
2.9019134044647217,2.602999925613404
2.7489724159240723,2.813999891281128
2.876960515975952,2.602999925613404
2.7188520431518555,2.9549999237060547
3.012575387954712,2.884000062942505
2.9692561626434326,3.377000093460083
3.366480827331543,3.3059999942779537
3.3622887134552,3.3059999942779537
3.381363868713379,3.3059999942779537
3.3197126388549805,3.377000093460083
3.335110664367676,3.588000059127808
3.5342283248901367,3.7279999256134033
3.679381847381592,4.64300012588501
4.537035942077637,5.697999954223633
5.544976234436035,5.486999988555908
5.5533857345581055,5.76800012588501
5.690151214599609,5.76800012588501
5.567736625671387,5.76800012588501
5.581238269805908,5.76800012588501
5.551552772521973,5.627999782562256
5.405797004699707,5.3460001945495605
5.177734851837158,5.839000225067139
5.583248138427734,5.697999954223633
5.578563690185547,5.416999816894531
5.366203784942627,5.76800012588501
5.5907063484191895,5.839000225067139
5.686457633972168,5.908999919891357
5.813971996307373,6.190999984741211
6.062826156616211,5.697999954223633
5.642127990722656,4.7129998207092285
4.813770294189453,4.64300012588501
4.639971733093262,3.095000028610228
3.423522472381592,2.813999891281128
3.109265089035034,3.4470000267028813
3.585519552230835,2.321000099182129
2.6641783714294434,1.89900004863739
2.2892096042633057,2.250999927520752
2.4322121143341064,3.025000095367432
3.0390613079071045,3.025000095367432
3.127858877182007,3.938999891281128
3.95129656791687,3.236000061035156
3.4571213722229004,3.7279999256134033
3.7458527088165283,4.150000095367432
4.012073993682861,4.2210001945495605
4.07826042175293,3.7279999256134033
3.713758707046509,3.799000024795532
3.7148983478546143,3.86899995803833
3.7731192111968994,3.095000028610228
3.1932218074798584,1.337000012397766
1.7977910041809082,2.532000064849853
2.5917890071868896,3.095000028610228
3.14703631401062,4.290999889373778
4.184713363647461,3.938999891281128
4.0904669761657715,3.86899995803833
4.099207878112793,3.6579999923706055
3.7867748737335205,2.6730000972747803
2.856671094894409,3.095000028610228
3.142385244369507,4.079999923706056
3.840031862258911,3.377000093460083
3.5537238121032715,2.813999891281128
3.0647571086883545,3.377000093460083
3.3818728923797607,2.9549999237060547
3.0515482425689697,2.74399995803833
2.900871515274048,3.4470000267028813
3.4141688346862793,3.095000028610228
3.189753293991089,3.095000028610228
3.213242292404175,2.461999893188477
2.646362543106079,1.9700000286102293
2.1830556392669678,3.095000028610228
3.079747438430786,1.89900004863739
2.1991264820098877,2.74399995803833
2.8999760150909424,3.6579999923706055
3.529627799987793,3.16599988937378
3.361923933029175,3.095000028610228
3.289844274520874,3.095000028610228
3.1447770595550537,2.74399995803833
2.7750422954559326,2.74399995803833
2.7442524433135986,2.884000062942505
2.923654079437256,2.884000062942505
2.8954880237579346,2.6730000972747803
2.79731822013855,2.532000064849853
2.660588026046753,1.618000030517578
1.8905552625656128,1.758999943733215
1.9423515796661377,1.0549999475479126
1.3323724269866943,1.618000030517578
1.7010908126831055,1.337000012397766
1.4720453023910522,1.89900004863739
1.9975897073745728,3.236000061035156
3.1475002765655518,2.602999925613404
2.7913756370544434,2.532000064849853
2.7881674766540527,2.180999994277954
2.236492395401001,2.532000064849853
2.471953868865967,3.095000028610228
2.8815343379974365,3.5169999599456787
3.3214051723480225,3.799000024795532
3.6897847652435303,3.799000024795532
3.787123680114746,4.150000095367432
4.095794677734375,4.290999889373778
4.137208938598633,4.290999889373778
4.160064220428467,4.079999923706056
3.9866933822631836,3.3059999942779537
3.365131378173828,3.799000024795532
3.708462953567505,3.4470000267028813
3.476101875305176,3.588000059127808
3.6009974479675293,3.3059999942779537
3.352421998977661,3.588000059127808
3.563483953475952,4.079999923706056
3.9912912845611572,4.923999786376953
4.878327369689941,5.697999954223633
5.6516432762146,4.994999885559082
5.115416526794434,4.994999885559082
4.931175231933594,5.76800012588501
5.461386680603027,6.190999984741211
5.986256122589111,6.330999851226808
6.191956043243408,6.050000190734862
5.923484802246094,6.61299991607666
6.362998962402344,6.050000190734862
5.952539443969727,5.697999954223633
5.647953987121582,6.119999885559082
5.825034141540527,6.050000190734862
5.847438812255859,6.4720001220703125
6.296640396118164,6.401999950408936
6.2870025634765625,6.4720001220703125
6.358658790588379,5.557000160217285
5.616184234619141,6.401999950408936
6.195110321044922,6.261000156402588
6.1126604080200195,5.557000160217285
5.585955619812012,5.627999782562256
5.498122215270996,4.923999786376953
4.914218902587891,5.908999919891357
5.718541145324707,6.4720001220703125
6.323291778564453,6.752999782562256
6.714351654052734,6.964000225067139
6.880364894866943,6.752999782562256
6.684474468231201,7.668000221252441
7.471140384674072,7.386000156402588
7.25906229019165,7.456999778747559
7.300485134124756,7.456999778747559
7.186956405639648,7.456999778747559
7.249530792236328,6.401999950408936
6.411203861236572,7.105000019073486
6.864820957183838,7.315999984741211
7.074995994567871,7.315999984741211
7.170900821685791,7.175000190734862
7.04658317565918,6.683000087738037
6.591185092926025,7.386000156402588
7.12721061706543,5.908999919891357
6.069470405578613,3.799000024795532
4.286084175109863,3.7279999256134033
3.90020751953125,3.236000061035156
3.661402463912964,3.588000059127808
3.830484628677368,3.4470000267028813
3.606450080871582,3.236000061035156
3.3759138584136963,2.884000062942505
3.075404405593872,2.884000062942505
3.039095640182495,2.884000062942505
2.9879000186920166,2.813999891281128
2.9014759063720703,2.813999891281128
2.894221305847168,3.095000028610228
3.1135971546173096,3.095000028610228
3.1605613231658936,3.16599988937378
3.2469704151153564,3.6579999923706055
3.6335504055023193,3.236000061035156
3.3457727432250977,2.602999925613404
2.7495241165161133,2.532000064849853
2.619718313217163,3.025000095367432
3.0175716876983643,3.236000061035156
3.250688076019287,3.4470000267028813
3.496131181716919,3.3059999942779537
3.4233272075653076,3.025000095367432
3.1334545612335205,3.4470000267028813
3.406980276107788,3.3059999942779537
3.3181796073913574,3.6579999923706055
3.599416732788086,3.4470000267028813
3.4752142429351807,3.3059999942779537
3.3673486709594727,3.799000024795532
3.712444543838501,4.150000095367432
4.075325012207031,3.095000028610228
3.2867252826690674,3.5169999599456787
3.528385877609253,3.377000093460083
3.3795201778411865,4.432000160217285
4.308476448059082,5.135000228881836
5.064337253570557,5.416999816894531
5.438179016113281,5.697999954223633
5.617744445800781,5.697999954223633
5.5710906982421875,5.557000160217285
5.419909954071045,5.205999851226807
5.071340084075928,5.416999816894531
5.164032936096191,5.135000228881836
4.9531965255737305,4.923999786376953
4.811509132385254,4.994999885559082
4.8416900634765625,4.923999786376953
4.818260192871094,5.135000228881836
5.031330108642578,4.572999954223633
4.601777076721191,4.010000228881837
4.061130046844482,4.150000095367432
4.0979108810424805,4.994999885559082
4.837202548980713,4.361999988555908
4.450996398925781,4.2210001945495605
4.279474258422852,3.377000093460083
3.4768054485321045,2.039999961853028
2.3854877948760986,2.250999927520752
2.523716688156128,1.8289999961853027
2.1127853393554688,2.180999994277954
2.291794776916504,2.9549999237060547
2.9426729679107666,2.884000062942505
2.9648027420043945,3.377000093460083
3.433445453643799,4.290999889373778
4.171931743621826,4.2210001945495605
4.261328220367432,4.150000095367432
4.07171630859375,3.236000061035156
3.2576801776885986,2.74399995803833
2.7678587436676025,2.602999925613404
2.74078631401062,2.602999925613404
2.7730162143707275,2.532000064849853
2.6700856685638428,2.461999893188477
2.5678889751434326,2.3919999599456787
2.5003163814544678,2.1099998950958248
2.279250144958496,2.180999994277954
2.321122884750366,2.250999927520752
2.3477470874786377,2.532000064849853
2.5723154544830322,3.095000028610228
3.0532567501068115,3.799000024795532
3.6670775413513184,2.250999927520752
2.573686361312866,4.150000095367432
4.003698348999023,4.290999889373778
4.125813007354736,4.8540000915527335
4.745952129364014,5.065000057220459
4.917402744293213,4.994999885559082
4.871164321899414,4.64300012588501
4.548892021179199,4.501999855041504
4.410715103149414,2.74399995803833
2.949291706085205,2.3919999599456787
2.656343698501587,3.025000095367432
3.1390645503997803,1.5479999780654907
2.0026867389678955,2.039999961853028
2.242079973220825,2.6730000972747803
2.7352211475372314,2.602999925613404
2.699536085128784,2.250999927520752
2.550403356552124,2.039999961853028
2.3213388919830322,1.337000012397766
1.654198169708252,2.039999961853028
2.1272711753845215,2.321000099182129
2.3949368000030518,2.9549999237060547
2.8906280994415283,3.7279999256134033
3.5253636837005615,3.236000061035156
3.389845132827759,2.9549999237060547
3.0819406509399414,3.095000028610228
3.009284734725952,2.3919999599456787
2.442183256149292,2.3919999599456787
2.402456521987915,1.5479999780654907
1.8132743835449219,0.5630000233650208
0.9300623536109924,0.7739999890327454
0.8053502440452576,2.3919999599456787
2.2057583332061768,2.1099998950958248
2.1991612911224365,2.9549999237060547
3.162602663040161,2.9549999237060547
3.096794605255127,2.884000062942505
3.0420191287994385,3.025000095367432
3.0182981491088867,3.025000095367432
2.876410961151123,3.5169999599456787
3.2024991512298584,3.3059999942779537
3.1932642459869385,3.6579999923706055
3.5864522457122803,3.4470000267028813
3.425853729248047,3.7279999256134033
3.691657066345215,3.799000024795532
3.754284381866455,4.079999923706056
4.0083537101745605,3.4470000267028813
3.5476772785186768,3.6579999923706055
3.6344807147979736,3.236000061035156
3.2652857303619385,3.5169999599456787
3.4852845668792725,2.813999891281128
2.942533016204834,2.461999893188477
2.6182849407196045,2.6730000972747803
2.7517852783203125,2.6730000972747803
2.7646584510803223,1.9700000286102293
2.205549955368042,0.703000009059906
1.1347960233688354,0.0
0.1635253131389618,0.0
-0.2202267199754715,0.0
-0.2740076780319214,0.6330000162124634
0.3581542372703552,0.0
-0.043702930212020874,0.0
0.021868839859962463,0.0
0.12622389197349548,0.0
0.06970025599002838,0.0
-0.1538383811712265,1.89900004863739
1.6472405195236206,2.180999994277954
2.2022643089294434,2.321000099182129
2.6058714389801025,2.532000064849853
2.6561086177825928,2.461999893188477
2.4068009853363037,2.813999891281128
2.5657641887664795,2.461999893188477
2.366637945175171,2.602999925613404
2.459636926651001,2.532000064849853
2.4459950923919678,2.461999893188477
2.473294496536255,2.6730000972747803
2.6684560775756836,2.813999891281128
2.8152832984924316,2.74399995803833
2.8205032348632812,2.74399995803833
2.810741424560547,2.884000062942505
2.936373233795166,2.602999925613404
2.678161144256592,2.74399995803833
2.791377544403076,2.532000064849853
2.5969913005828857,2.9549999237060547
2.939683675765991,2.884000062942505
2.939225435256958,3.16599988937378
3.203902006149292,3.236000061035156
3.2729313373565674,3.86899995803833
3.8083255290985107,4.2210001945495605
4.187736511230469,5.3460001945495605
5.155459403991699,5.3460001945495605
5.29207181930542,5.205999851226807
5.159631729125977,5.205999851226807
5.039074897766113,5.486999988555908
5.260128021240234,5.205999851226807
5.063187599182129,4.8540000915527335
4.7504987716674805,4.923999786376953
4.741599082946777,4.994999885559082
4.826401710510254,4.7839999198913565
4.738832473754883,4.7839999198913565
4.703678131103516,5.205999851226807
5.028994560241699,5.276000022888184
5.192079067230225,4.64300012588501
4.725317478179932,5.3460001945495605
5.17690896987915,4.923999786376953
4.8619794845581055,4.361999988555908
4.425473213195801,5.557000160217285
5.326343536376953,4.7839999198913565
4.793999671936035,4.432000160217285
4.506342887878418,4.432000160217285
4.360029697418213,5.557000160217285
5.309516906738281,4.64300012588501
4.736338138580322,4.8540000915527335
4.842966556549072,5.416999816894531
5.1840620040893555,5.276000022888184
5.202174186706543,5.697999954223633
5.640668869018555,5.697999954223633
5.5808539390563965,4.994999885559082
4.997284889221191,4.994999885559082
4.90416955947876,5.276000022888184
5.102950096130371,4.501999855041504
4.520563125610352,4.501999855041504
4.442432880401611,4.2210001945495605
4.1665215492248535,3.938999891281128
3.936250925064087,4.8540000915527335
4.71431827545166,4.64300012588501
4.654576778411865,5.839000225067139
5.745553970336914,5.76800012588501
5.766725540161133,5.627999782562256
5.660086631774902,4.8540000915527335
4.875002384185791,8.371000289916992
7.890362739562988,6.894000053405763
6.957743167877197,7.386000156402588
7.402014255523682,7.105000019073486
6.8028564453125,7.73799991607666
7.423173427581787,6.894000053405763
6.747618675231934,6.119999885559082
6.069851875305176,5.76800012588501
5.643064498901367,5.3460001945495605
5.343075752258301,5.135000228881836
5.227876663208008,5.486999988555908
5.38637638092041,4.994999885559082
5.0259246826171875,5.065000057220459
5.029595375061035,4.923999786376953
4.9096503257751465,4.8540000915527335
4.8291850090026855,4.8540000915527335
4.799722671508789,5.416999816894531
5.258147716522217,4.361999988555908
4.48343563079834,5.135000228881836
5.022298336029053,5.3460001945495605
5.217037677764893,6.330999851226808
6.20751953125,5.205999851226807
5.30881404876709,4.572999954223633
4.679062366485596,4.361999988555908
4.322669982910156,4.994999885559082
4.884144306182861,4.994999885559082
4.935159683227539,4.432000160217285
4.456778526306152,4.7839999198913565
4.645589828491211,5.9790000915527335
5.7652587890625,5.76800012588501
5.834507942199707,5.627999782562256
5.666832447052002,5.486999988555908
5.336845397949219,4.361999988555908
4.432957649230957,4.64300012588501
4.596002578735352,3.86899995803833
3.941575288772583,3.86899995803833
3.881380081176758,3.3059999942779537
3.4324824810028076,3.4470000267028813
3.5368571281433105,3.3059999942779537
3.398345708847046,2.74399995803833
2.9562315940856934,3.16599988937378
3.223170042037964,4.079999923706056
3.949138879776001,3.6579999923706055
3.7904584407806396,2.813999891281128
3.0801937580108643,3.3059999942779537
3.3248136043548584,4.432000160217285
4.245601654052734,5.205999851226807
5.134077072143555,4.994999885559082
5.1376471519470215,5.276000022888184
5.218538284301758,5.205999851226807
5.0347394943237305,4.8540000915527335
4.761173248291016,5.557000160217285
5.315659523010254,5.9790000915527335
5.7508745193481445,4.994999885559082
5.039138317108154,5.3460001945495605
5.209638595581055,5.205999851226807
5.055819988250732,5.135000228881836
5.038944244384766,4.923999786376953
4.853280067443848,5.135000228881836
4.958600997924805,4.64300012588501
4.594407081604004,4.501999855041504
4.474454879760742,4.572999954223633
4.486676216125488,4.64300012588501
4.543527603149414,4.501999855041504
4.480406761169434,4.150000095367432
4.160688400268555,4.572999954223633
4.447354316711426,4.7129998207092285
4.63056755065918,5.3460001945495605
5.275483131408691,6.190999984741211
6.0734663009643555,6.330999851226808
6.290596008300781,5.9790000915527335
5.962766170501709,6.752999782562256
6.51957893371582,7.809000015258789
7.479778289794922,8.159999847412111
7.926667213439941,8.230999946594237
8.030871391296387,8.371000289916992
8.110015869140625,8.159999847412111
7.94904088973999,7.315999984741211
7.206064224243164,6.401999950408936
6.386359214782715,6.119999885559082
6.031033515930176,5.76800012588501
5.763003349304199,5.839000225067139
5.798653602600098,5.697999954223633
5.639204502105713,5.416999816894531
5.39260196685791,5.76800012588501
5.6457319259643555,5.3460001945495605
5.360531806945801,5.627999782562256
5.5494279861450195,4.994999885559082
5.005272388458252,5.205999851226807
5.0968918800354,5.135000228881836
5.033638954162598,5.557000160217285
5.408743858337402,5.135000228881836
5.112335205078125,5.3460001945495605
5.237617015838623,5.3460001945495605
5.237844467163086,6.330999851226808
6.1527276039123535,7.456999778747559
7.300363540649414,7.245999813079834
7.216986656188965,7.315999984741211
7.217135906219482,7.668000221252441
7.42042350769043,7.315999984741211
7.1652936935424805,5.697999954223633
5.79871940612793,4.8540000915527335
4.919797897338867,3.16599988937378
3.5429649353027344,1.8289999961853027
2.468427896499634,1.4769999980926514
1.9545047283172607,2.3919999599456787
2.575106620788574,2.3919999599456787
2.456895589828491,2.884000062942505
2.951054573059082,3.588000059127808
3.600907564163208,3.377000093460083
3.5205185413360596,2.74399995803833
3.0775551795959473,3.16599988937378
3.166510581970215,3.095000028610228
2.993053674697876,3.025000095367432
2.983599901199341,2.1099998950958248
2.3056275844573975,1.2660000324249268
1.6098722219467163,2.039999961853028
2.1451809406280518,1.9700000286102293
2.0988221168518066,2.74399995803833
2.8148486614227295,3.025000095367432
3.0594451427459717,3.025000095367432
3.165795087814331,3.86899995803833
3.8006985187530518,4.501999855041504
4.332100868225098,5.205999851226807
4.878756523132324,5.839000225067139
5.452078819274902,5.76800012588501
5.586706638336182,5.276000022888184
5.1847662925720215,4.994999885559082
4.8681640625,5.697999954223633
5.399359703063965,5.9790000915527335
5.737090110778809,5.486999988555908
5.407284736633301,5.3460001945495605
5.22666072845459,5.627999782562256
5.410877227783203,5.76800012588501
5.632406234741211,4.923999786376953
5.002665042877197,5.697999954223633
5.473869323730469,5.839000225067139
5.65310001373291,4.150000095367432
4.4705634117126465,4.361999988555908
4.426661491394043,4.572999954223633
4.524645805358887,4.432000160217285
4.461054801940918,4.572999954223633
4.555684566497803,4.2210001945495605
4.217897415161133,3.5169999599456787
3.6059799194335938,3.236000061035156
3.365708112716675,3.095000028610228
3.2405309677124023,2.884000062942505
2.9978020191192627,2.602999925613404
2.753394365310669,2.9549999237060547
2.9936296939849854,2.461999893188477
2.612417697906494,2.74399995803833
2.840555429458618,2.1099998950958248
2.3080313205718994,2.321000099182129
2.4671223163604736,2.6730000972747803
2.715275526046753,2.180999994277954
2.363055467605591,0.0
0.6139456629753113,0.843999981880188
0.6697201132774353,-0.492000013589859
-0.36835360527038574,0.9850000143051147
0.6350436210632324,2.039999961853028
1.8659601211547852,2.039999961853028
2.2276434898376465,1.687999963760376
2.1791043281555176,1.758999943733215
2.169856309890747,1.89900004863739
2.0094048976898193,2.321000099182129
2.144508123397827,2.321000099182129
2.173455238342285,2.884000062942505
2.4953792095184326,3.16599988937378
2.9651119709014893,3.16599988937378
3.1191534996032715,3.236000061035156
3.1456196308135986,3.7279999256134033
3.4651947021484375,3.6579999923706055
3.5101661682128906,4.150000095367432
3.95406436920166,4.361999988555908
4.228182792663574,4.150000095367432
4.108334064483643,4.150000095367432
4.093283176422119,4.501999855041504
4.340033054351807,4.079999923706056
4.073764801025391,1.1959999799728394
1.7554805278778076,1.4769999980926514
1.448706865310669,3.5169999599456787
3.6956868171691895,4.923999786376953
5.032786846160889,5.065000057220459
5.320741653442383,4.994999885559082
5.282735347747803,4.2210001945495605
4.542516708374023,4.432000160217285
4.530388832092285,4.64300012588501
4.6060471534729,5.205999851226807
4.939545631408691,5.697999954223633
5.5257463455200195,6.823999881744385
6.624471664428711,6.964000225067139
6.887557506561279,7.597000122070312
7.444728851318359,8.020000457763674
7.754647254943848,7.668000221252441
7.465632438659668,7.526999950408935
7.2670722007751465,7.456999778747559
7.106219291687012,6.964000225067139
6.698987007141113,6.330999851226808
6.201335906982422,6.330999851226808
6.1762871742248535,6.190999984741211
6.06816291809082,5.76800012588501
5.744174957275391,5.486999988555908
5.440904140472412,5.908999919891357
5.735245227813721,5.76800012588501
5.7103986740112305,5.065000057220459
5.162254810333252,5.135000228881836
5.077401638031006,5.135000228881836
5.033860206604004,5.065000057220459
5.019067764282227,4.7839999198913565
4.765601634979248,5.065000057220459
4.919556140899658,5.627999782562256
5.454631328582764,6.4720001220703125
6.3892412185668945,8.090000152587889
7.929577350616455,9.145000457763672
8.89508056640625,9.708000183105469
9.40080451965332,9.496999740600586
9.16696834564209,8.722999572753906
8.485809326171875,7.879000186920166
7.568200588226318,7.456999778747559
7.143074035644531,6.61299991607666
6.494002819061279,5.205999851226807
5.310431003570557,4.501999855041504
4.668051719665527,1.5479999780654907
2.563774347305298,0.0
0.42952579259872437,3.588000059127808
4.447714805603027,1.337000012397766
2.2182366847991943,0.7739999890327454
1.2362397909164429,0.0
0.41680634021759033,1.9700000286102293
1.7600555419921875,2.250999927520752
2.2886626720428467,1.406999945640564
2.139479160308838,1.337000012397766
1.8913395404815674,2.321000099182129
2.3497021198272705,2.532000064849853
2.678406238555908,1.89900004863739
2.0105528831481934,1.9700000286102293
1.9680639505386353,2.884000062942505
2.6164236068725586,3.588000059127808
3.302854299545288,3.7279999256134033
3.611635208129883,3.938999891281128
3.7824227809906006,5.205999851226807
4.747323513031006,4.8540000915527335
4.76548433303833,4.501999855041504
4.471279144287109,4.290999889373778
4.127213001251221,4.923999786376953
4.6444292068481445,4.7129998207092285
4.626479625701904,3.588000059127808
3.7361626625061035,3.377000093460083
3.428668737411499,3.3059999942779537
3.3708605766296387,3.025000095367432
3.1931345462799072,3.025000095367432
3.1389052867889404,2.6730000972747803
2.8039958477020264,2.3919999599456787
2.546677350997925,1.89900004863739
2.1193838119506836,2.1099998950958248
2.2560713291168213,1.9700000286102293
2.1022493839263916,2.461999893188477
2.516777276992798,1.9700000286102293
2.147012233734131,1.406999945640564
1.7019909620285034,1.406999945640564
1.5991978645324707,2.180999994277954
2.170344352722168,1.8289999961853027
1.9233651161193848,2.250999927520752
2.325798749923706,2.321000099182129
2.3765158653259277,2.532000064849853
2.556785821914673,3.025000095367432
2.96144437789917,2.9549999237060547
2.884827136993408,2.884000062942505
2.7953743934631348,2.813999891281128
2.7209863662719727,2.1099998950958248
2.204819917678833,1.8289999961853027
1.9341596364974976,1.4769999980926514
1.6812355518341064,1.758999943733215
1.8755724430084229,1.8289999961853027
1.922216773033142,1.9700000286102293
2.0948486328125,1.89900004863739
2.08120059967041,0.7739999890327454
1.1935019493103027,-0.843999981880188
-0.31505048274993896,-0.6330000162124634
-1.0673537254333496,-0.915000021457672
-1.328963041305542,0.0
-0.472913920879364,-0.492000013589859
-0.8400607705116272,-0.7739999890327454
-1.0935771465301514,-0.5630000233650208
-0.7782831788063049,0.0
-0.05102662742137909,1.1959999799728394
0.98628169298172,0.0
0.034287258982658386,0.6330000162124634
0.5649580955505371,1.8289999961853027
1.2094717025756836,1.5479999780654907
1.582680583000183,1.8289999961853027
1.7207164764404297,1.687999963760376
1.4405722618103027,2.1099998950958248
1.8714723587036133,1.8289999961853027
1.7944495677947998,2.180999994277954
2.0466747283935547,2.180999994277954
2.0750303268432617,2.039999961853028
1.9925769567489624,2.74399995803833
2.611318349838257,2.6730000972747803
2.602877616882324,2.532000064849853
2.5379016399383545,2.74399995803833
2.673419952392578,4.2210001945495605
3.8415510654449463,3.799000024795532
3.7741403579711914,4.150000095367432
4.150805950164795,2.884000062942505
3.015249013900757,4.010000228881837
3.795161485671997,3.377000093460083
3.4454004764556885,3.377000093460083
3.449995279312134,3.6579999923706055
3.5840628147125244,4.150000095367432
4.023965358734131,4.501999855041504
4.461208343505859,4.8540000915527335
4.85919713973999,5.416999816894531
5.3474273681640625,4.572999954223633
4.628040313720703,4.572999954223633
4.5143327713012695,4.501999855041504
4.34693717956543,4.7129998207092285
4.540430545806885,4.7129998207092285
4.58154821395874,4.7129998207092285
4.603797912597656,5.065000057220459
4.919070243835449,4.7129998207092285
4.713081359863281,4.64300012588501
4.6253767013549805,4.501999855041504
4.417765140533447,5.205999851226807
4.996225833892822,4.923999786376953
4.871526718139648,5.276000022888184
5.19054651260376,4.150000095367432
4.277494430541992,4.150000095367432
4.15293550491333,3.799000024795532
3.830500841140747,4.010000228881837
3.9849328994750977,4.64300012588501
4.508131980895996,4.079999923706056
4.1517133712768555,5.697999954223633
5.554937839508057,5.697999954223633
5.684117794036865,5.205999851226807
5.334663391113281,5.486999988555908
5.337110996246338,6.61299991607666
6.281560897827148,6.964000225067139
6.781057357788086,6.964000225067139
6.864962100982666,7.0349998474121085
6.848714351654053,6.61299991607666
6.430539131164551,5.697999954223633
5.728894233703613,5.486999988555908
5.424115180969238,5.135000228881836
5.065420150756836,5.3460001945495605
5.221025466918945,4.7839999198913565
4.827631950378418,4.8540000915527335
4.812986850738525,5.065000057220459
4.977558135986328,4.64300012588501
4.695219039916992,4.7839999198913565
4.759140491485596,4.64300012588501
4.585666179656982,4.501999855041504
4.466307640075684,4.432000160217285
4.38270902633667,4.572999954223633
4.484581470489502,5.276000022888184
5.109675884246826,5.557000160217285
5.503165245056152,6.964000225067139
6.821264266967773,6.4720001220703125
6.4633636474609375,6.541999816894531
6.489594459533691,7.245999813079834
6.9464802742004395,9.355999946594238
8.91340160369873,8.51200008392334
8.311179161071777,9.355999946594238
9.141257286071777,9.708000183105469
9.300101280212402,8.86400032043457
8.717767715454102,8.020000457763674
7.8718581199646,7.0349998474121085
7.003992557525635,6.823999881744385
6.716865539550781,6.61299991607666
6.5320963859558105,6.401999950408936
6.351805686950684,6.683000087738037
6.469499588012695,6.823999881744385
6.649803161621094,6.894000053405763
6.786001205444336,6.894000053405763
6.806708812713623,6.330999851226808
6.327740669250488,6.330999851226808
6.206274032592773,6.61299991607666
6.4022393226623535,5.627999782562256
5.674681663513184,5.839000225067139
5.715970993041992,5.697999954223633
5.578277111053467,7.0349998474121085
6.771927356719971,6.683000087738037
6.653634071350098,7.73799991607666
7.630374431610107,8.300999641418457
8.121795654296875,10.340999603271484
10.108338356018066,9.918999671936035
9.673382759094238,9.708000183105469
9.562216758728027,9.708000183105469
9.326604843139648,8.934000015258789
8.595831871032715,8.51200008392334
8.238612174987793,8.371000289916992
8.038424491882324,7.879000186920166
7.67752742767334,7.526999950408935
7.371219635009766,7.668000221252441
7.468481540679932,8.020000457763674
7.788838863372803,7.948999881744385
7.784308433532715,7.597000122070312
7.498685836791992,7.668000221252441
7.4797539710998535,7.948999881744385
7.731812000274658,8.159999847412111
8.004112243652344,7.668000221252441
7.563323497772217,7.456999778747559
7.294430732727051,8.020000457763674
7.744282245635986,8.300999641418457
8.132394790649414,8.86400032043457
8.730838775634766,8.722999572753906
8.619999885559082,9.003999710083008
8.879010200500488,9.355999946594238
9.21396541595459,10.552000045776367
10.405186653137207,10.130000114440918
9.991206169128418,10.482000350952148
10.330976486206055,11.1850004196167
10.943400382995605,10.973999977111816
10.804951667785645,9.918999671936035
9.744706153869629,9.848999977111816
9.571396827697754,9.425999641418455
9.232948303222656,9.28600025177002
9.072144508361816,9.21500015258789
8.998612403869629,9.003999710083008
8.774914741516113,8.722999572753906
8.546483039855957,8.86400032043457
8.651971817016602,8.793000221252441
8.624541282653809,8.722999572753906
8.535111427307129,8.722999572753906
8.516108512878418,8.581999778747559
8.384722709655762,8.230999946594237
8.102869987487793,8.159999847412111
7.98958683013916,9.28600025177002
9.004014015197754,10.973999977111816
10.776732444763184,10.833000183105469
10.710801124572754,10.904000282287598
10.81607723236084,11.607000350952148
11.381178855895996,12.661999702453612
12.457320213317871,11.748000144958494
11.469897270202637,11.326000213623049
10.9924955368042,11.536999702453612
11.087254524230957,12.310999870300291
11.963811874389648,11.888999938964846
11.57543659210205,11.326000213623049
10.995759010314941,11.043999671936035
10.712456703186035,10.904000282287598
10.655714988708496,10.621999740600586
10.457566261291504,10.621999740600586
10.345829010009766,10.482000350952148
10.185893058776855,10.692999839782717
10.384239196777344,10.762999534606934
10.509610176086426,10.762999534606934
10.518126487731934,9.98900032043457
9.8252592086792,10.621999740600586
10.334755897521973,10.199999809265137
9.987067222595215,10.482000350952148
10.236794471740723,10.833000183105469
10.55290699005127,10.762999534606934
10.531790733337402,10.762999534606934
10.55684757232666,10.833000183105469
10.596081733703613,9.496999740600586
9.475441932678223,10.621999740600586
10.327727317810059,10.692999839782717
10.458914756774902,10.762999534606934
10.532083511352539,10.199999809265137
9.943528175354004,10.482000350952148
10.175414085388184,9.777999877929688
9.639878273010254,9.637999534606934
9.464519500732422,9.496999740600586
9.294690132141113,9.56700038909912
9.29040241241455,9.425999641418455
9.217442512512207,9.708000183105469
9.429516792297363,9.708000183105469
9.4813232421875,9.56700038909912
9.357338905334473,9.496999740600586
9.291141510009766,9.637999534606934
9.404487609863281,9.777999877929688
9.564809799194336,9.918999671936035
9.709090232849121,9.637999534606934
9.440513610839844,10.130000114440918
9.884415626525879,10.130000114440918
9.93911361694336,9.918999671936035
9.746503829956055,9.708000183105469
9.47400951385498,10.621999740600586
10.340161323547363,10.833000183105469
10.647624969482422,10.904000282287598
10.747343063354492,10.833000183105469
10.641975402832031,11.678000450134276
11.464303970336914,11.888999938964846
11.714763641357422,11.607000350952148
11.428969383239746,7.668000221252441
8.27427864074707,2.321000099182129
3.1329128742218018,0.9850000143051147
-0.2513203024864197,2.884000062942505
8.48162841796875,1.687999963760376
2.1707870960235596,2.74399995803833
2.8413314819335938,2.250999927520752
2.816843271255493,1.8289999961853027
1.380056619644165,2.602999925613404
2.432612180709839,3.377000093460083
3.413964033126831,3.16599988937378
3.2140986919403076,3.3059999942779537
3.2527191638946533,2.74399995803833
2.875093698501587,1.89900004863739
2.0586233139038086,2.1099998950958248
2.2397172451019287,2.1099998950958248
2.229783535003662,3.025000095367432
2.952397584915161,3.6579999923706055
3.544126510620117,4.010000228881837
4.028903961181641,3.799000024795532
3.9465882778167725,3.86899995803833
3.9046790599823,4.290999889373778
4.077503681182861,4.501999855041504
4.260138511657715,4.7839999198913565
4.614556312561035,4.994999885559082
4.875906467437744,5.205999851226807
5.109400749206543,5.3460001945495605
5.243481636047363,4.923999786376953
4.871513366699219,4.150000095367432
4.185726165771484,3.377000093460083
3.459364652633667,3.16599988937378
3.302934408187866,2.74399995803833
2.9669339656829834,3.025000095367432
3.1285054683685303,2.813999891281128
2.9247398376464844,2.74399995803833
2.8733043670654297,2.74399995803833
2.8420939445495605,2.321000099182129
2.4935996532440186,2.813999891281128
2.8659508228302,3.095000028610228
3.1076173782348633,3.86899995803833
3.809295177459717,4.432000160217285
4.393120288848877,5.135000228881836
5.073716163635254,5.276000022888184
5.205655097961426,6.119999885559082
5.856060028076172,6.4720001220703125
6.194577693939209,6.050000190734862
5.938827037811279,5.839000225067139
5.688034534454346,5.76800012588501
5.501516342163086,5.627999782562256
5.386725425720215,5.486999988555908
5.277299880981445,5.486999988555908
5.292058944702148,5.276000022888184
5.142126083374023,3.5169999599456787
3.8168528079986572,4.7129998207092285
4.657814025878906,4.8540000915527335
4.835745811462402,5.557000160217285
5.52021598815918,5.908999919891357
5.880171775817871,4.923999786376953
5.040714263916016,3.799000024795532
3.993086814880371,5.839000225067139
5.6462016105651855,7.73799991607666
7.5106611251831055,8.090000152587889
8.011919021606445,7.105000019073486
7.151335716247559,7.597000122070312
7.344221115112305,7.948999881744385
7.616306304931641,6.964000225067139
6.854312896728516,7.809000015258789
7.379699230194092,6.261000156402588
6.151144981384277,5.697999954223633
5.76214599609375,5.486999988555908
5.544645309448242,5.416999816894531
5.443688869476318,5.9790000915527335
5.845148086547852,5.486999988555908
5.48898983001709,4.432000160217285
4.665241241455078,5.9790000915527335
5.761361122131348,5.9790000915527335
5.967227935791016,5.76800012588501
5.846006870269775,5.908999919891357
5.789586544036865,6.119999885559082
5.912585258483887,6.752999782562256
6.592133522033691,4.8540000915527335
5.158779144287109,4.7839999198913565
4.844318866729736,4.361999988555908
4.395301818847656,5.839000225067139
5.686958312988281,4.8540000915527335
5.002556800842285,4.8540000915527335
4.879233360290527,5.276000022888184
5.077394485473633,5.557000160217285
5.439183712005615,5.135000228881836
5.207326889038086,6.261000156402588
6.040325164794922,5.205999851226807
5.2096147537231445,5.3460001945495605
5.271183967590332,5.416999816894531
5.2594990730285645,5.065000057220459
4.965738296508789,6.050000190734862
5.781289100646973,3.16599988937378
3.6003637313842773,3.86899995803833
3.9954919815063477,4.64300012588501
4.652564525604248,4.572999954223633
4.683820724487305,4.64300012588501
4.711091995239258,4.079999923706056
4.156496524810791,3.095000028610228
3.25783371925354,3.236000061035156
3.3773908615112305,4.010000228881837
4.07650899887085,3.7279999256134033
3.796602725982666,4.290999889373778
4.266413688659668,4.64300012588501
4.592972755432129,4.432000160217285
4.455071449279785,3.16599988937378
3.3520867824554443,2.9549999237060547
3.057652235031128,3.7279999256134033
3.702552556991577,4.150000095367432
4.103060722351074,3.588000059127808
3.776684045791626,3.86899995803833
3.89487886428833,3.4470000267028813
3.481492042541504,3.5169999599456787
3.522944211959839,3.5169999599456787
3.511359930038452,3.095000028610228
3.1675963401794434,2.461999893188477
2.61429762840271,2.532000064849853
2.6518161296844482,2.884000062942505
2.910590171813965,2.532000064849853
2.671959400177002,2.602999925613404
2.731511354446411,3.377000093460083
3.3208816051483154,3.377000093460083
3.427264928817749,3.4470000267028813
3.5641584396362305,2.74399995803833
2.8972554206848145,3.4470000267028813
3.3409054279327393,3.799000024795532
3.677551746368408,3.86899995803833
3.9004361629486084,4.079999923706056
4.054709434509277,3.938999891281128
3.930083990097046,4.010000228881837
3.9555370807647705,4.290999889373778
4.165284156799316,3.16599988937378
3.2946512699127197,5.416999816894531
5.197107315063477,5.205999851226807
5.230215072631836,5.065000057220459
5.23273229598999,6.190999984741211
5.954444885253906,5.908999919891357
5.763097763061523,6.683000087738037
6.475193023681641,6.683000087738037
6.490633964538574,6.401999950408936
6.282491683959961,6.894000053405763
6.600672721862793,7.0349998474121085
6.849065780639648,6.752999782562256
6.608592510223389,6.752999782562256
6.542381286621094,6.683000087738037
6.4827070236206055,6.683000087738037
6.4896111488342285,6.61299991607666
6.46380090713501,6.330999851226808
6.210415363311768,6.752999782562256
6.5035200119018555,6.261000156402588
6.190160751342773,6.261000156402588
6.149539470672607,6.4720001220703125
6.270020484924316,6.4720001220703125
6.323114395141602,6.119999885559082
6.062068462371826,6.964000225067139
6.732151031494141,7.948999881744385
7.7652482986450195,8.51200008392334
8.432592391967773,7.456999778747559
7.506548881530762,8.159999847412111
7.94671106338501,9.425999641418455
9.097878456115723,9.003999710083008
8.890185356140137,8.51200008392334
8.368301391601562,8.793000221252441
8.448417663574219,8.581999778747559
8.321200370788574,9.708000183105469
9.437253952026367,9.21500015258789
9.06718921661377,8.51200008392334
8.360316276550293,8.371000289916992
8.166085243225098,8.51200008392334
8.318070411682129,8.371000289916992
8.202963829040527,8.442000389099121
8.195603370666504,8.159999847412111
7.960471153259277,8.300999641418457
8.064321517944336,8.722999572753906
8.517638206481934,8.300999641418457
8.183582305908203,8.020000457763674
7.88148832321167,8.159999847412111
7.915834426879883,8.230999946594237
8.024166107177734,8.581999778747559
8.366236686706543,8.230999946594237
8.081123352050781,9.918999671936035
9.671998023986816,9.98900032043457
9.869461059570312,9.708000183105469
9.691436767578125,10.270999908447266
10.086752891540527,11.607000350952148
11.383414268493652,12.522000312805176
12.288912773132324,12.380999565124512
12.137924194335938,12.732999801635742
12.486252784729004,12.029000282287598
11.685688972473145,10.833000183105469
10.640618324279785,10.621999740600586
10.377557754516602,9.425999641418455
9.36076831817627,9.003999710083008
8.914152145385742,9.28600025177002
9.117527961730957,9.145000457763672
8.971231460571289,9.496999740600586
9.200016975402832,9.848999977111816
9.536828994750977,9.28600025177002
9.111557960510254,9.355999946594238
9.148054122924805,9.074999809265137
8.910977363586426,9.003999710083008
8.812701225280762,10.621999740600586
10.310433387756348,9.496999740600586
9.381600379943848,9.848999977111816
9.661897659301758,9.918999671936035
9.653512954711914,10.270999908447266
10.087446212768555,10.692999839782717
10.476746559143066,10.692999839782717
10.507880210876465,11.678000450134276
11.482878684997559,12.732999801635742
12.539987564086914,12.944000244140623
12.820235252380371,13.29599952697754
13.085957527160645,12.661999702453612
12.365262031555176,12.029000282287598
11.689053535461426,11.467000007629396
11.129292488098145,11.114999771118164
10.82163143157959,10.973999977111816
10.653363227844238,10.621999740600586
10.371365547180176,10.692999839782717
10.400212287902832,9.777999877929688
9.642182350158691,9.28600025177002
9.16767406463623,10.552000045776367
10.222060203552246,10.340999603271484
10.126726150512695,10.692999839782717
10.460467338562012,10.41100025177002
10.165513038635254,9.98900032043457
9.764595985412598,10.621999740600586
10.387271881103516,10.973999977111816
10.761496543884277,10.270999908447266
10.065139770507812,9.98900032043457
9.694340705871582,10.621999740600586
10.327157020568848,10.340999603271484
10.142802238464355,10.762999534606934
10.51191234588623,10.904000282287598
10.639960289001465,10.833000183105469
10.608933448791504,10.973999977111816
10.76447582244873,11.467000007629396
11.251154899597168,10.340999603271484
10.144057273864746,10.621999740600586
10.32102108001709,10.552000045776367
10.2782564163208,10.482000350952148
10.231553077697754,10.482000350952148
10.20186710357666,10.130000114440918
9.861772537231445,9.918999671936035
9.693676948547363,10.833000183105469
10.551712989807129,10.340999603271484
10.150688171386719,10.0600004196167
9.828156471252441,10.762999534606934
10.458035469055176,10.762999534606934
10.549023628234863,10.762999534606934
10.580927848815918,11.043999671936035
10.812418937683105,10.621999740600586
10.395736694335938,11.607000350952148
11.346153259277344,10.199999809265137
10.039843559265137,11.114999771118164
10.823101997375488,12.239999771118164
11.93929386138916,13.506999969482422
13.289044380187988,13.366000175476074
13.115095138549805,13.788000106811523
13.576521873474121,13.718000411987305
13.427128791809082,13.647000312805176
13.349732398986816,12.451000213623049
12.04786205291748,11.748000144958494
11.42557430267334,11.607000350952148
11.317059516906738,11.043999671936035
10.871474266052246,10.833000183105469
10.646323204040527,10.621999740600586
10.380182266235352,10.692999839782717
10.408352851867676,10.340999603271484
10.134406089782715,10.621999740600586
10.344300270080566,10.482000350952148
10.224953651428223,10.270999908447266
10.03162670135498,10.482000350952148
10.227680206298828,10.340999603271484
10.097681999206543,11.326000213623049
11.079273223876953,11.043999671936035
10.842062950134277,11.888999938964846
11.717083930969238,12.029000282287598
11.82697582244873,11.536999702453612
11.391142845153809,11.536999702453612
11.265488624572754,13.013999938964846
12.722710609436035,13.085000038146973
12.79664134979248,13.57699966430664
13.341349601745605,13.647000312805176
13.350586891174316,12.87399959564209
12.606905937194824,11.536999702453612
11.401968955993652,10.833000183105469
10.790261268615723,10.482000350952148
10.381123542785645,10.199999809265137
10.054614067077637,9.708000183105469
9.590758323669434,9.496999740600586
9.274992942810059,8.86400032043457
8.739901542663574,8.86400032043457
8.70108413696289,8.934000015258789
8.778549194335938,8.442000389099121
8.349827766418457,8.581999778747559
8.369309425354004,8.159999847412111
8.027375221252441,8.934000015258789
8.659886360168457,9.848999977111816
9.655692100524902,9.98900032043457
9.88036060333252,11.114999771118164
10.976502418518066,10.340999603271484
10.209214210510254,9.918999671936035
9.80998420715332,10.833000183105469
10.488398551940918,12.100000381469728
11.809039115905762,12.592000007629396
12.281100273132324,13.085000038146973
12.831979751586914,13.085000038146973
12.821196556091309,12.239999771118164
11.993659019470215,11.326000213623049
11.10244083404541,10.904000282287598
10.673626899719238,9.848999977111816
9.735350608825684,9.496999740600586
9.364994049072266,9.56700038909912
9.40015983581543,9.496999740600586
9.290878295898438,9.074999809265137
8.92385196685791,9.28600025177002
9.037346839904785,9.56700038909912
9.293188095092773,9.074999809265137
8.94309139251709,8.581999778747559
8.493048667907715,8.159999847412111
8.028596878051758,8.020000457763674
7.889835357666016,8.652999877929688
8.394425392150879,8.51200008392334
8.314621925354004,9.145000457763672
8.897126197814941,8.86400032043457
8.716202735900879,9.145000457763672
9.014851570129395,9.637999534606934
9.488240242004395,10.130000114440918
9.999892234802246,10.692999839782717
10.538269996643066,10.482000350952148
10.339775085449219,10.340999603271484
10.18541431427002,9.637999534606934
9.399879455566406,9.355999946594238
9.158060073852539,9.425999641418455
9.13818645477295,8.230999946594237
8.197421073913574,7.809000015258789
7.7186102867126465,7.315999984741211
7.2464799880981445,6.61299991607666
6.657966613769531,6.823999881744385
6.733382225036621,6.4720001220703125
6.427661418914795,6.119999885559082
6.079532146453857,6.119999885559082
6.011476516723633,5.839000225067139
5.812697410583496,5.276000022888184
5.324562072753906,5.205999851226807
5.168444633483887,5.557000160217285
5.427268028259277,5.76800012588501
5.65456485748291,6.261000156402588
6.16213846206665,6.261000156402588
6.2064690589904785,6.330999851226808
6.275708198547363,7.0349998474121085
6.88336181640625,7.0349998474121085
6.936347484588623,7.386000156402588
7.235906600952148,7.315999984741211
7.1496381759643555,7.809000015258789
7.604815483093262,6.683000087738037
6.660877704620361,5.76800012588501
5.870656490325928,6.330999851226808
6.1537675857543945,6.401999950408936
6.248680591583252,6.261000156402588
6.168900012969971,5.9790000915527335
5.878129005432129,5.76800012588501
5.664941787719727,5.76800012588501
5.67112922668457,5.76800012588501
5.695635795593262,5.76800012588501
5.652297496795654,5.76800012588501
5.6245927810668945,5.76800012588501
5.657882213592529,5.76800012588501
5.671231746673584,5.76800012588501
5.667407035827637,5.76800012588501
5.651397705078125,5.76800012588501
5.643383026123047,5.76800012588501
5.643383026123047,5.76800012588501
5.643383026123047,5.76800012588501
5.643383026123047,5.76800012588501
5.643383026123047,5.76800012588501
5.643383026123047,5.76800012588501
5.643383026123047,5.76800012588501
5.643383026123047,5.76800012588501
5.643383026123047,5.76800012588501
5.643383026123047,5.76800012588501
5.643383026123047,5.76800012588501
5.643383026123047,5.76800012588501
5.643383026123047,5.76800012588501
5.643383026123047,5.76800012588501
5.643383026123047,9.003999710083008
8.649504661560059,9.21500015258789
9.114642143249512,9.003999710083008
8.990407943725586,8.652999877929688
8.430413246154785,9.21500015258789
8.873114585876465,9.21500015258789
8.84465217590332,9.425999641418455
9.069781303405762,9.56700038909912
9.180233001708984,10.199999809265137
9.90836238861084,10.692999839782717
10.557190895080566,11.114999771118164
11.001708030700684,10.973999977111816
10.832093238830566,10.762999534606934
10.569883346557617,11.607000350952148
11.345698356628418,11.255999565124512
10.999709129333496,12.944000244140623
12.694914817810059,12.732999801635742
12.416731834411621,11.817999839782717
11.646666526794434,11.748000144958494
11.404221534729004,10.762999534606934
10.603731155395508,10.692999839782717
10.451210021972656,10.552000045776367
10.263514518737793,10.482000350952148
10.207876205444336,10.130000114440918
9.875521659851074,9.708000183105469
9.528335571289062,10.199999809265137
9.909111976623535,10.482000350952148
10.23354434967041,10.833000183105469
10.62890911102295,10.340999603271484
10.137444496154785,10.340999603271484
10.096182823181152,10.0600004196167
9.837681770324707,10.482000350952148
10.247519493103027,9.637999534606934
9.465119361877441,10.552000045776367
10.2294282913208,10.482000350952148
10.224837303161621,10.130000114440918
9.932525634765625,10.199999809265137
9.95839786529541,11.678000450134276
11.407124519348145,12.029000282287598
11.857146263122559,12.100000381469728
11.948738098144531,12.170000076293944
11.957280158996582,12.029000282287598
11.781954765319824,11.255999565124512
10.978975296020508,10.973999977111816
10.648324012756348,10.552000045776367
10.257918357849121,10.199999809265137
9.959729194641113,10.340999603271484
10.078055381774902,9.848999977111816
9.654224395751953,9.425999641418455
9.261650085449219,9.355999946594238
9.153173446655273,9.21500015258789
9.048068046569824,9.145000457763672
8.972756385803223,9.145000457763672
8.929594993591309,9.425999641418455
9.164005279541016,9.28600025177002
9.079655647277832,9.496999740600586
9.292045593261719,9.848999977111816
9.651286125183105,10.692999839782717
10.525734901428223,11.395999908447266
11.258801460266113,11.326000213623049
11.207647323608398,11.395999908447266
11.241813659667969,11.326000213623049
11.096924781799316,12.732999801635742
12.474785804748535,12.944000244140623
12.63183879852295,13.435999870300291
13.204533576965332,13.718000411987305
13.41089153289795,12.239999771118164
11.996981620788574,12.170000076293944
11.892876625061035,11.607000350952148
11.327075958251953,11.326000213623049
11.040801048278809,10.973999977111816
10.678730964660645,10.904000282287598
10.6127290725708,9.918999671936035
9.794783592224121,8.86400032043457
8.854055404663086,8.934000015258789
8.849806785583496,7.809000015258789
7.868690490722656,6.823999881744385
6.929047584533691,7.105000019073486
6.988261699676514,6.61299991607666
6.628414154052734,5.135000228881836
5.447107791900635,5.3460001945495605
5.364912033081055,5.065000057220459
5.180436134338379,5.276000022888184
5.293376922607422,5.276000022888184
5.297489166259766,5.065000057220459
5.0572919845581055,4.572999954223633
4.626838207244873,4.290999889373778
4.334056377410889,4.432000160217285
4.415139198303223,4.2210001945495605
4.209593772888184,4.079999923706056
4.072588920593262,3.799000024795532
3.7900731563568115,3.6579999923706055
3.658968210220337,3.799000024795532
3.7715818881988525,3.799000024795532
3.806297540664673,3.86899995803833
3.868273973464966,3.938999891281128
3.9296844005584717,3.6579999923706055
3.7070443630218506,3.799000024795532
3.7742817401885986,3.86899995803833
3.828669548034668,3.799000024795532
3.795043706893921,4.361999988555908
4.253315448760986,3.6579999923706055
3.761385440826416,4.2210001945495605
4.1495771408081055,3.5169999599456787
3.5873725414276123,3.095000028610228
3.186553716659546,0.421999990940094
1.0328541994094849,0.0
-0.14192743599414825,-0.6330000162124634
-0.7804909348487854,-0.703000009059906
-0.9818630814552307,0.0
-0.413777232170105,-0.6330000162124634
-1.0299725532531738,-0.915000021457672
-1.3237156867980957,0.0
-0.26368147134780884,0.5630000233650208
0.4752104878425598,1.758999943733215
1.7992701530456543,0.5630000233650208
0.8476161360740662,0.0
0.3052424192428589,2.039999961853028
1.4219989776611328,0.492000013589859
0.8115611672401428,1.1260000467300415
1.0528910160064697,0.9850000143051147
0.8691390156745911,0.0
0.3884562849998474,0.5630000233650208
0.49890273809432983,1.9700000286102293
1.7137848138809204,2.3919999599456787
2.2670533657073975,1.4769999980926514
1.8520784378051758,1.337000012397766
1.7166187763214111,1.0549999475479126
1.1845576763153076,1.0549999475479126
1.1011738777160645,1.337000012397766
1.2894363403320312,1.8289999961853027
1.7610716819763184,3.095000028610228
2.8405845165252686,4.010000228881837
3.6588149070739746,4.64300012588501
4.4004316329956055,4.994999885559082
4.680513381958008,4.994999885559082
4.7766008377075195,5.3460001945495605
5.014622688293457,5.486999988555908
5.177730560302734,5.3460001945495605
5.149194717407227,5.3460001945495605
5.1816086769104,5.3460001945495605
5.143254280090332,4.2210001945495605
4.299718856811523,5.276000022888184
5.078394889831543,4.8540000915527335
4.812276363372803,4.501999855041504
4.54418420791626,4.2210001945495605
4.202935218811035,4.150000095367432
4.091769695281982,4.2210001945495605
4.1773576736450195,4.2210001945495605
4.206872940063477,4.150000095367432
4.1346306800842285,3.7279999256134033
3.75130295753479,4.994999885559082
4.838607311248779,4.2210001945495605
4.3264055252075195,3.7279999256134033
3.8950676918029785,5.3460001945495605
5.113167762756348,3.3059999942779537
3.629666566848755,3.236000061035156
3.4541232585906982,3.5169999599456787
3.5479321479797363,4.501999855041504
4.368056774139404,4.994999885559082
4.96008825302124,5.276000022888184
5.323196887969971,5.76800012588501
5.643465042114258,6.050000190734862
5.8970441818237305,5.697999954223633
5.671575546264648,5.3460001945495605
5.2176408767700195,4.923999786376953
4.802363395690918,4.8540000915527335
4.690086841583252,5.065000057220459
4.8808417320251465,4.572999954223633
4.536646842956543,4.7129998207092285
4.605738162994385,4.501999855041504
4.456289768218994,4.501999855041504
4.476567268371582,4.501999855041504
4.46054220199585,4.64300012588501
4.566209316253662,4.572999954223633
4.520455360412598,5.697999954223633
5.538190841674805,5.76800012588501
5.739127159118652,5.627999782562256
5.656525611877441,5.416999816894531
5.327922344207764,5.697999954223633
5.484562397003174,5.627999782562256
5.460546970367432,6.261000156402588
6.0393218994140625,7.105000019073486
6.879356384277344,7.668000221252441
7.515629768371582,7.809000015258789
7.723536968231201,7.879000186920166
7.739445686340332,7.597000122070312
7.437057971954346,8.230999946594237
7.936615467071533,8.300999641418457
8.041301727294922,7.879000186920166
7.681545257568359,7.73799991607666
7.478857040405273,7.245999813079834
7.110105991363525,7.386000156402588
7.197395324707031,7.668000221252441
7.430637359619141,7.73799991607666
7.533507347106934,7.456999778747559
7.311406135559082,7.456999778747559
7.282866954803467,7.245999813079834
7.119086265563965,6.894000053405763
6.811907768249512,8.020000457763674
7.721299171447754,8.652999877929688
8.481985092163086,9.425999641418455
9.320213317871094,10.552000045776367
10.376076698303223,9.777999877929688
9.663707733154297,9.28600025177002
9.209174156188965,9.98900032043457
9.649543762207031,11.326000213623049
10.95924186706543,10.904000282287598
10.60290241241455,12.100000381469728
11.860125541687012,12.451000213623049
12.157691955566406,12.029000282287598
11.900853157043457,10.482000350952148
10.373200416564941,9.918999671936035
9.85657787322998,9.708000183105469
9.572237968444824,9.496999740600586
9.325117111206055,9.21500015258789
9.031842231750488,8.86400032043457
8.624335289001465,8.722999572753906
8.512146949768066,8.652999877929688
8.495038032531738,8.722999572753906
8.572653770446777,8.442000389099121
8.29753589630127,8.581999778747559
8.357227325439453,8.652999877929688
8.43066692352295,9.21500015258789
9.013091087341309,9.918999671936035
9.769291877746582,10.482000350952148
10.361729621887207,9.21500015258789
9.193882942199707,9.56700038909912
9.357132911682129,8.934000015258789
8.743196487426758,9.425999641418455
9.124139785766602,10.552000045776367
10.196256637573242,10.621999740600586
10.395188331604004,11.1850004196167
11.0115966796875,10.904000282287598
10.730612754821777,12.029000282287598
11.906359672546387,11.607000350952148
11.377890586853027,11.1850004196167
10.970185279846191,11.043999671936035
10.658299446105957,10.552000045776367
10.266148567199707,11.043999671936035
10.73531436920166,10.340999603271484
10.094740867614746,10.482000350952148
10.176108360290527,10.552000045776367
10.24006462097168,10.41100025177002
10.171393394470215,10.552000045776367
10.312673568725586,10.552000045776367
10.289620399475098,9.777999877929688
9.633463859558105,9.918999671936035
9.666577339172363,9.918999671936035
9.686159133911133,9.708000183105469
9.4989595413208,10.340999603271484
10.057843208312988,10.130000114440918
9.885567665100098,10.270999908447266
10.060714721679688,10.340999603271484
10.12512493133545,10.973999977111816
10.778000831604004,10.973999977111816
10.794598579406738,10.762999534606934
10.589728355407715,9.777999877929688
9.628769874572754,9.425999641418455
9.294974327087402,8.722999572753906
8.693364143371582,7.879000186920166
7.891704559326172,7.668000221252441
7.5827789306640625,7.386000156402588
7.284070014953613,6.964000225067139
6.904480934143066,6.964000225067139
6.822155475616455,6.61299991607666
6.554108619689941,6.61299991607666
6.503330230712891,6.050000190734862
6.054298400878906,6.401999950408936
6.244385719299316,5.908999919891357
5.880001068115234,5.76800012588501
5.716028213500977,5.627999782562256
5.542435646057129,5.908999919891357
5.743532657623291,5.908999919891357
5.809491157531738,5.9790000915527335
5.878116607666016,6.330999851226808
6.189824104309082,6.4720001220703125
6.370453834533691,6.050000190734862
6.0291032791137695,6.541999816894531
6.35939884185791,6.4720001220703125
6.311606407165527,6.330999851226808
6.212893486022949,5.76800012588501
5.722779273986816,5.627999782562256
5.506402492523193,5.3460001945495605
5.267214298248291,4.8540000915527335
4.869565010070801,5.135000228881836
5.036522388458252,4.994999885559082
4.926918983459473,4.64300012588501
4.671420097351074,4.994999885559082
4.894092559814453,4.923999786376953
4.868403911590576,4.7839999198913565
4.779197692871094,4.8540000915527335
4.789107322692871,4.8540000915527335
4.764583587646484,4.7839999198913565
4.713937282562256,4.7129998207092285
4.655849456787109,4.572999954223633
4.502530097961426,4.290999889373778
4.243979454040527,4.290999889373778
4.214272975921631,4.361999988555908
4.273303031921387,4.572999954223633
4.477517127990723,5.065000057220459
4.958102703094482,4.64300012588501
4.674241542816162,4.8540000915527335
4.78901481628418,5.276000022888184
5.126935958862305,4.8540000915527335
4.83457612991333,5.839000225067139
5.652766227722168,4.572999954223633
4.663851261138916,3.095000028610228
3.3302955627441406,3.799000024795532
3.824428081512451,4.8540000915527335
4.758426666259766,3.095000028610228
3.5218353271484375,3.588000059127808
3.7676312923431396,4.290999889373778
4.158924102783203,4.361999988555908
4.367513656616211,4.150000095367432
4.292123317718506,4.64300012588501
4.553808212280273,5.205999851226807
5.025974273681641,4.8540000915527335
4.882002830505371,5.205999851226807
5.156356334686279,4.8540000915527335
4.743967056274414,4.923999786376953
4.790950775146484,3.4470000267028813
3.5944271087646484,4.361999988555908
4.246109485626221,3.799000024795532
3.842620372772217,3.799000024795532
3.8415443897247314,3.938999891281128
3.910412073135376,4.010000228881837
3.9751176834106445,4.432000160217285
4.360374450683594,5.3460001945495605
5.271376132965088,5.205999851226807
5.267789840698242,5.416999816894531
5.380246162414551,5.065000057220459
4.98327112197876,4.923999786376953
4.804120063781738,3.86899995803833
3.923367738723755,4.361999988555908
4.237692356109619,4.501999855041504
4.377401351928711,4.8540000915527335
4.750673770904541,5.3460001945495605
5.267216682434082,4.64300012588501
4.728984832763672,4.8540000915527335
4.799745559692383,5.135000228881836
4.972392559051514,5.276000022888184
5.172486305236816,5.135000228881836
5.040103435516357,5.76800012588501
5.576066970825195,4.8540000915527335
4.8817009925842285,5.9790000915527335
5.810831069946289,6.261000156402588
6.11808967590332,6.190999984741211
6.146392822265625,6.61299991607666
6.455960750579834,6.823999881744385
6.645940780639648,8.300999641418457
8.04310417175293,8.722999572753906
8.520514488220215,9.425999641418455
9.227364540100098,9.355999946594238
9.063985824584961,8.722999572753906
8.575214385986328,7.809000015258789
7.654418468475342,6.964000225067139
6.921682834625244,6.261000156402588
6.246771812438965,6.050000190734862
5.997257709503174,6.050000190734862
6.01059627532959,6.823999881744385
6.575738906860352,6.4720001220703125
6.435004234313965,6.61299991607666
6.529179573059082,6.541999816894531
6.454638481140137,6.401999950408936
6.335636615753174,5.908999919891357
5.885034561157227,6.190999984741211
5.99381685256958,6.330999851226808
6.113798141479492,6.541999816894531
6.374905586242676,6.683000087738037
6.565424919128418,6.964000225067139
6.833584785461426,7.315999984741211
7.21090030670166,6.964000225067139
6.921324729919434,7.245999813079834
7.090258598327637,8.020000457763674
7.779257297515869,8.652999877929688
8.4906644821167,9.003999710083008
8.880892753601074,8.51200008392334
8.424042701721191,7.73799991607666
7.6454267501831055,7.668000221252441
7.493404388427734,6.894000053405763
6.8508501052856445,6.823999881744385
6.648975372314453,6.894000053405763
6.689953804016113,6.190999984741211
6.165240287780762,5.908999919891357
5.867856979370117,6.261000156402588
6.107897758483887,6.261000156402588
6.181379318237305,5.908999919891357
5.898355484008789,6.261000156402588
6.094320297241211,5.76800012588501
5.7152299880981445,5.76800012588501
5.6897077560424805,6.683000087738037
6.451017379760742,7.245999813079834
7.106468200683594,8.159999847412111
8.035759925842285,8.86400032043457
8.700053215026855,7.879000186920166
7.843998908996582,8.090000152587889
7.926819801330566,8.934000015258789
8.582091331481934,9.56700038909912
9.262491226196289,10.270999908447266
9.986814498901367,10.904000282287598
10.672209739685059,10.904000282287598
10.726153373718262,10.621999740600586
10.475800514221191,8.934000015258789
8.937467575073242,8.090000152587889
8.10875415802002,8.159999847412111
8.056225776672363,7.948999881744385
7.841401100158691,7.668000221252441
7.525782585144043,7.456999778747559
7.254141807556152,7.245999813079834
7.089643478393555,7.386000156402588
7.234490394592285,7.245999813079834
7.1802473068237305,7.245999813079834
7.10504150390625,7.245999813079834
7.073485374450684,6.964000225067139
6.860532760620117,7.73799991607666
7.501998424530029,9.145000457763672
8.95619010925293,8.722999572753906
8.700150489807129,9.637999534606934
9.531218528747559,9.21500015258789
9.056645393371582,9.28600025177002
9.160184860229492,9.98900032043457
9.697698593139648,11.1850004196167
10.91712474822998,11.536999702453612
11.271381378173828,12.310999870300291
12.126555442810059,12.661999702453612
12.443055152893066,11.817999839782717
11.590999603271484,10.130000114440918
10.04930305480957,9.98900032043457
9.855876922607422,9.355999946594238
9.282052040100098,9.003999710083008
8.853277206420898,8.934000015258789
8.724090576171875,8.51200008392334
8.319389343261719,8.442000389099121
8.252633094787598,8.371000289916992
8.221280097961426,8.230999946594237
8.116963386535645,8.020000457763674
7.888591766357422,8.020000457763674
7.852913856506348,7.526999950408935
7.446628570556641,8.090000152587889
7.832681655883789,9.074999809265137
8.84811019897461,9.28600025177002
9.184173583984375,9.918999671936035
9.806906700134277,9.777999877929688
9.656231880187988,10.270999908447266
10.147917747497559,11.043999671936035
10.837992668151855,11.888999938964846
11.68174934387207,12.592000007629396
12.325813293457031,12.522000312805176
12.266948699951172,12.170000076293944
11.92163372039795,11.607000350952148
11.266008377075195,10.41100025177002
10.24843692779541,9.848999977111816
9.710369110107422,9.355999946594238
9.2521390914917,8.934000015258789
8.833141326904297,8.51200008392334
8.391849517822266,8.51200008392334
8.310009956359863,8.652999877929688
8.440258979797363,8.793000221252441
8.5816068649292,8.371000289916992
8.262064933776855,8.300999641418457
8.136051177978516,8.090000152587889
7.952470779418945,8.371000289916992
8.157746315002441,9.145000457763672
8.9168119430542,9.003999710083008
8.877737045288086,8.86400032043457
8.747706413269043,9.496999740600586
9.295069694519043,9.98900032043457
9.853913307189941,10.340999603271484
10.218684196472168,11.748000144958494
11.56747055053711,12.380999565124512
12.155285835266113,12.944000244140623
12.774907112121582,13.435999870300291
13.172469139099121,12.87399959564209
12.54050350189209,12.239999771118164
11.859550476074219,11.748000144958494
11.32713794708252,11.255999565124512
10.912226676940918,11.888999938964846
11.490360260009766,11.043999671936035
10.769545555114746,10.904000282287598
10.609237670898438,10.973999977111816
10.654979705810547,10.904000282287598
10.642817497253418,11.326000213623049
11.074006080627441,10.340999603271484
10.161232948303223,9.56700038909912
9.476466178894043,10.270999908447266
9.985990524291992,10.340999603271484
10.146247863769531,10.340999603271484
10.09244155883789,10.0600004196167
9.76467514038086,10.621999740600586
10.31676959991455,10.762999534606934
10.55608081817627,10.482000350952148
10.337733268737793,11.255999565124512
11.014719009399414,11.255999565124512
11.036460876464844,9.777999877929688
9.73237419128418,10.270999908447266
9.998169898986816,9.848999977111816
9.66706657409668,9.56700038909912
9.383269309997559,9.425999641418455
9.19601058959961,9.355999946594238
9.09780502319336,9.496999740600586
9.233199119567871,9.003999710083008
8.873709678649902,9.21500015258789
9.000523567199707,9.145000457763672
8.908808708190918,9.56700038909912
9.345563888549805,9.708000183105469
9.522496223449707,9.637999534606934
9.471919059753418,9.708000183105469
9.523680686950684,7.0349998474121085
7.437792778015137,8.652999877929688
8.449923515319824,9.355999946594238
9.14764404296875,8.51200008392334
8.422001838684082,9.98900032043457
9.648058891296387,10.340999603271484
10.055190086364746,9.918999671936035
9.860374450683594,9.425999641418455
9.312615394592285,9.637999534606934
9.396265029907227,9.496999740600586
9.158034324645996,9.355999946594238
9.081686019897461,9.918999671936035
9.61744213104248,10.0600004196167
9.802922248840332,10.270999908447266
10.103434562683105,10.0600004196167
9.907757759094238,9.98900032043457
9.796700477600098,8.371000289916992
8.460485458374023,8.442000389099121
8.358487129211426,7.73799991607666
7.733463287353516,7.105000019073486
7.102602481842041,6.752999782562256
6.715207099914551,6.401999950408936
6.346843719482422,5.839000225067139
5.89785099029541,5.908999919891357
5.863490104675293,5.416999816894531
5.483053684234619,4.994999885559082
5.048970699310303,5.135000228881836
5.110990524291992,4.64300012588501
4.713890075683594,4.361999988555908
4.417629718780518,4.290999889373778
4.296135902404785,3.6579999923706055
3.7680957317352295,3.16599988937378
3.340057849884033,3.5169999599456787
3.584348201751709,3.236000061035156
3.3360278606414795,3.236000061035156
3.3310725688934326,3.7279999256134033
3.712080717086792,5.205999851226807
5.027576446533203,5.697999954223633
5.683244228363037,5.205999851226807
5.401846408843994,5.557000160217285
5.440973281860352,4.64300012588501
4.610668182373047,5.486999988555908
5.264809608459473,6.050000190734862
5.771843910217285,5.135000228881836
5.133511543273926,6.261000156402588
6.017584800720215,6.401999950408936
6.235894203186035,6.61299991607666
6.565911769866943,6.261000156402588
6.1961822509765625,6.683000087738037
6.47198486328125,6.330999851226808
6.144435882568359,6.752999782562256
6.563046455383301,6.541999816894531
6.381078243255615,6.261000156402588
6.113604545593262,6.964000225067139
6.712043762207031,6.4720001220703125
6.378572940826416,7.105000019073486
6.939338684082031,7.175000190734862
7.025562286376953,8.020000457763674
7.877967357635498,8.159999847412111
8.055645942687988,8.652999877929688
8.54773998260498,8.230999946594237
8.123861312866211,7.668000221252441
7.540757656097412,8.442000389099121
8.132462501525879,7.948999881744385
7.718973159790039,7.809000015258789
7.581604957580566,7.73799991607666
7.488486289978027,7.386000156402588
7.244466781616211,7.668000221252441
7.462044715881348,7.456999778747559
7.318769931793213,7.315999984741211
7.177960395812988,7.809000015258789
7.541323184967041,7.526999950408935
7.397276878356934,6.541999816894531
6.61568546295166,7.0349998474121085
6.8502678871154785,7.879000186920166
7.615356922149658,9.074999809265137
8.913716316223145,8.020000457763674
8.045448303222656,8.51200008392334
8.37924575805664,9.496999740600586
9.234679222106934,9.145000457763672
9.092720031738281,9.56700038909912
9.400379180908203,8.86400032043457
8.635562896728516,9.848999977111816
9.554726600646973,10.199999809265137
9.983283042907715,9.98900032043457
9.882282257080078,10.552000045776367
10.312600135803223,10.270999908447266
10.08124828338623,9.425999641418455
9.303277015686035,8.51200008392334
8.48804759979248,9.074999809265137
8.87468433380127,8.934000015258789
8.73523998260498,8.51200008392334
8.379197120666504,8.722999572753906
8.445042610168457,8.51200008392334
8.300776481628418,9.21500015258789
8.977747917175293,9.425999641418455
9.284316062927246,9.355999946594238
9.244616508483887,9.56700038909912
9.404885292053223,9.074999809265137
8.932465553283691,9.848999977111816
9.613783836364746,10.270999908447266
10.057662010192871,9.848999977111816
9.712424278259277,9.98900032043457
9.764008522033691,10.692999839782717
10.452605247497559,10.833000183105469
10.67956829071045,10.621999740600586
10.454327583312988,11.114999771118164
10.882708549499512,10.482000350952148
10.26131534576416,11.607000350952148
11.348937034606934,11.326000213623049
11.09439468383789,10.0600004196167
9.931282997131348,10.340999603271484
10.045397758483887,9.777999877929688
9.625337600708008,10.130000114440918
9.873871803283691,10.482000350952148
10.165474891662598,9.848999977111816
9.604350090026855,9.777999877929688
9.515851020812988,9.918999671936035
9.656895637512207,9.918999671936035
9.736348152160645,9.425999641418455
9.25026798248291,9.496999740600586
9.240721702575684,9.637999534606934
9.368008613586426,9.777999877929688
9.557661056518555,10.340999603271484
10.128116607666016,11.1850004196167
10.986483573913574,11.255999565124512
11.117398262023926,11.678000450134276
11.556260108947754,11.326000213623049
11.162177085876465,11.607000350952148
11.37741470336914,12.732999801635742
12.436860084533691,13.085000038146973
12.808302879333496,13.99899959564209
13.760687828063965,14.210000038146973
13.907391548156738,13.99899959564209
13.76694107055664,13.718000411987305
13.384477615356445,12.451000213623049
12.131006240844727,11.678000450134276
11.47523307800293,11.326000213623049
11.118351936340332,11.043999671936035
10.871712684631348,10.973999977111816
10.753059387207031,10.833000183105469
10.565587997436523,10.692999839782717
10.412121772766113,10.973999977111816
10.655009269714355,9.56700038909912
9.56421184539795,9.56700038909912
9.40406322479248,9.496999740600586
9.329632759094238,9.496999740600586
9.322325706481934,9.637999534606934
9.389349937438965,10.199999809265137
9.876921653747559,10.0600004196167
9.844490051269531,10.833000183105469
10.659473419189453,10.833000183105469
10.717087745666504,11.326000213623049
11.204058647155762,11.817999839782717
11.638716697692871,12.803000450134276
12.64156723022461,13.225000381469728
12.99824047088623,13.928999900817873
13.73346996307373,13.085000038146973
12.770953178405762,12.592000007629396
12.258419036865234,11.817999839782717
11.490801811218262,11.536999702453612
11.238075256347656,11.114999771118164
10.827681541442871,10.833000183105469
10.575596809387207,10.692999839782717
10.440375328063965,10.904000282287598
10.582511901855469,11.607000350952148
11.298948287963867,11.607000350952148
11.337185859680176,11.1850004196167
10.970531463623047,11.748000144958494
11.487662315368652,11.607000350952148
11.38429069519043,11.326000213623049
11.089499473571777,11.958999633789062
11.634993553161621,12.592000007629396
12.309216499328613,12.661999702453612
12.431259155273438,12.592000007629396
12.371062278747559,12.029000282287598
11.755208015441895,12.522000312805176
12.227282524108887,11.958999633789062
11.661690711975098,12.803000450134276
12.477889060974121,12.661999702453612
12.296549797058105,12.451000213623049
12.155293464660645,13.29599952697754
13.00399398803711,12.944000244140623
12.665989875793457,12.732999801635742
12.473875999450684,12.661999702453612
12.317046165466309,12.451000213623049
12.152031898498535,12.522000312805176
12.201495170593262,12.380999565124512
12.0641450881958,12.732999801635742
12.415360450744629,12.522000312805176
12.200170516967773,12.100000381469728
11.806833267211914,11.678000450134276
11.40456485748291,11.888999938964846
11.596622467041016,12.592000007629396
12.314569473266602,12.732999801635742
12.423005104064941,12.944000244140623
12.659634590148926,12.87399959564209
12.597472190856934,12.522000312805176
12.268448829650879,13.718000411987305
13.459433555603027,13.647000312805176
13.343510627746582,14.562000274658203
14.326314926147461,14.843000411987305
14.51490592956543,15.053999900817873
14.835463523864746,15.89799976348877
15.650663375854492,16.812999725341793
16.53945541381836,15.82800006866455
15.409539222717285,14.77299976348877
14.289595603942871,14.491000175476074
14.095473289489746,13.57699966430664
13.258111000061035,13.225000381469728
12.897855758666992,13.506999969482422
13.126494407653809,13.366000175476074
12.963679313659668,13.435999870300291
13.03943157196045,13.435999870300291
13.084574699401855,13.57699966430664
13.260682106018066,13.435999870300291
13.134655952453613,13.085000038146973
12.792925834655762,13.647000312805176
13.339240074157715,13.788000106811523
13.453775405883789,13.99899959564209
13.714211463928223,14.069000244140623
13.758818626403809,13.435999870300291
13.09915828704834,13.57699966430664
13.25725269317627,12.87399959564209
12.543781280517578,12.87399959564209
12.555085182189941,12.380999565124512
12.038840293884277,12.732999801635742
12.409771919250488,13.506999969482422
13.172755241394043,13.435999870300291
13.10971736907959,13.647000312805176
13.3689603805542,7.526999950408935
8.637380599975586,5.76800012588501
5.689962863922119,8.020000457763674
9.378606796264648,9.777999877929688
10.350814819335938,10.833000183105469
9.767516136169434,10.482000350952148
9.867027282714844,10.482000350952148
9.966168403625488,10.340999603271484
9.943251609802246,10.199999809265137
10.194300651550293,10.0600004196167
9.609395027160645,9.56700038909912
9.065783500671387,9.637999534606934
9.278132438659668,10.130000114440918
9.839617729187012,9.21500015258789
9.1122465133667,9.21500015258789
9.005919456481934,9.708000183105469
9.411057472229004,9.28600025177002
9.11933422088623,9.425999641418455
9.20793628692627,9.918999671936035
9.645943641662598,9.918999671936035
9.737774848937988,9.918999671936035
9.76401138305664,10.270999908447266
10.083333969116211,10.482000350952148
10.300875663757324,10.621999740600586
10.452467918395996,10.833000183105469
10.647527694702148,10.0600004196167
9.862284660339355,10.130000114440918
9.852566719055176,9.074999809265137
9.000170707702637,8.020000457763674
8.06357479095459,7.73799991607666
7.698060035705566,8.230999946594237
8.064361572265625,7.809000015258789
7.751328945159912,8.230999946594237
7.9649658203125,8.722999572753906
8.413847923278809,8.581999778747559
8.428753852844238,8.371000289916992
8.29141902923584,8.652999877929688
8.468615531921387,9.637999534606934
9.433768272399902,9.918999671936035
9.780756950378418,9.708000183105469
9.615437507629395,9.496999740600586
9.330050468444824,9.21500015258789
8.990649223327637,9.777999877929688
9.504700660705566,10.621999740600586
10.351717948913574,12.029000282287598
11.778639793395996,12.944000244140623
12.669529914855957,13.857999801635742
13.636144638061523,12.944000244140623
12.669672012329102,13.29599952697754
13.006606101989746,11.536999702453612
11.13265323638916,11.395999908447266
11.02743148803711,11.326000213623049
10.931281089782715,10.973999977111816
10.683096885681152,10.904000282287598
10.601346969604492,10.41100025177002
10.155251502990723,10.340999603271484
10.110604286193848,10.130000114440918
9.930842399597168,10.0600004196167
9.88918399810791,10.199999809265137
9.91926097869873,10.270999908447266
10.005549430847168,10.199999809265137
9.964170455932617,11.043999671936035
10.790392875671387,11.536999702453612
11.355328559875488,10.973999977111816
10.84447193145752,11.326000213623049
11.112783432006836,12.029000282287598
11.792195320129395,12.310999870300291
12.110468864440918,13.154999732971191
12.933515548706055,14.210000038146973
13.960492134094238,14.491000175476074
14.25827693939209,15.54699993133545
15.358039855957031,13.788000106811523
13.404580116271973,13.506999969482422
13.144379615783691,12.661999702453612
12.301911354064941,12.661999702453612
12.31067180633545,12.661999702453612
12.232112884521484,12.451000213623049
12.048514366149902,12.522000312805176
12.124414443969727,11.958999633789062
11.629448890686035,12.239999771118164
11.968567848205566,12.100000381469728
11.813871383666992,11.888999938964846
11.617091178894043,11.467000007629396
11.1795015335083,8.722999572753906
8.997129440307617,10.833000183105469
10.564814567565918,7.315999984741211
7.875232696533203,9.708000183105469
9.449202537536621,6.683000087738037
7.17088508605957,8.86400032043457
8.447518348693848,10.130000114440918
9.8419771194458,11.043999671936035
10.73302173614502,11.1850004196167
11.01230239868164,11.043999671936035
10.810935020446777,11.326000213623049
11.197454452514648,11.607000350952148
11.278458595275879,11.607000350952148
11.337170600891113,11.536999702453612
11.097051620483398,11.536999702453612
11.18907642364502,11.817999839782717
11.513358116149902,11.536999702453612
11.263596534729004,11.678000450134276
11.387580871582031,11.748000144958494
11.44229793548584,11.748000144958494
11.471901893615723,12.029000282287598
11.751836776733398,12.239999771118164
11.9699068069458,12.239999771118164
11.987641334533691,11.817999839782717
11.543463706970215,12.451000213623049
12.160040855407715,12.239999771118164
11.94735050201416,12.380999565124512
12.099299430847168,12.029000282287598
11.70476245880127,10.692999839782717
10.58127212524414,11.888999938964846
11.612983703613281,10.904000282287598
10.730100631713867,7.105000019073486
7.672196388244629,8.934000015258789
8.899138450622559,9.28600025177002
9.373600959777832,9.074999809265137
9.037612915039062,9.56700038909912
9.206459045410156,7.668000221252441
7.742805004119873,9.56700038909912
9.156115531921387,8.934000015258789
8.864367485046387,5.697999954223633
6.487300395965576,8.020000457763674
7.659611701965332,7.456999778747559
7.449748992919922,7.597000122070312
7.519493103027344,7.948999881744385
7.664022922515869,7.456999778747559
7.293484210968018,7.456999778747559
7.285883903503418,7.668000221252441
7.4856791496276855,8.090000152587889
7.957074165344238,8.442000389099121
8.227099418640137,8.652999877929688
8.553851127624512,8.51200008392334
8.418740272521973,8.300999641418457
8.175374031066895,7.948999881744385
7.788913726806641,8.159999847412111
7.8768439292907715,8.230999946594237
7.967995643615723,8.722999572753906
8.477116584777832,8.230999946594237
8.094186782836914,8.159999847412111
7.969398498535156,7.73799991607666
7.618188381195068,7.386000156402588
7.286357402801514,7.315999984741211
7.155819892883301,7.73799991607666
7.4796857833862305,8.722999572753906
8.470293045043945,8.86400032043457
8.74292278289795,9.074999809265137
8.996868133544922,8.442000389099121
8.369797706604004,8.300999641418457
8.121744155883789,8.51200008392334
8.226656913757324,8.020000457763674
7.8140549659729,7.73799991607666
7.513427734375,7.245999813079834
7.104735374450684,7.105000019073486
6.966370582580566,7.597000122070312
7.372069358825684,8.300999641418457
8.068077087402344,6.964000225067139
7.0369038581848145,7.456999778747559
7.251677513122559,7.809000015258789
7.556987762451172,8.300999641418457
8.163713455200195,8.581999778747559
8.450301170349121,8.934000015258789
8.779808044433594,10.130000114440918
9.95241641998291,10.41100025177002
10.283318519592285,11.888999938964846
11.746270179748535,12.592000007629396
12.20412826538086,12.310999870300291
12.052108764648438,11.748000144958494
11.419692039489746,10.621999740600586
10.293842315673828,10.199999809265137
9.9519681930542,9.496999740600586
9.338364601135254,9.708000183105469
9.459586143493652,9.074999809265137
8.913166999816895,8.581999778747559
8.41649341583252,8.230999946594237
8.08039665222168,8.159999847412111
8.003824234008789,7.809000015258789
7.748445987701416,7.175000190734862
7.131678104400635,7.0349998474121085
6.909667015075684,7.0349998474121085
6.883973121643066,7.879000186920166
7.612917900085449,8.230999946594237
8.078483581542969,8.230999946594237
8.143258094787598,8.581999778747559
8.461215019226074,9.074999809265137
8.955421447753906,9.56700038909912
9.463950157165527,10.340999603271484
10.165337562561035,11.607000350952148
11.364899635314941,12.380999565124512
12.102029800415039,12.661999702453612
12.418519020080566,12.87399959564209
12.57701301574707,12.239999771118164
11.865973472595215,11.607000350952148
11.195388793945312,10.762999534606934
10.460433006286621,9.708000183105469
9.605244636535645,9.425999641418455
9.309572219848633,8.722999572753906
8.697729110717773,7.948999881744385
7.934247016906738,7.668000221252441
7.572455406188965,7.315999984741211
7.253994941711426,6.752999782562256
6.754682540893555,6.330999851226808
6.336238861083984,6.119999885559082
6.090671539306641,6.050000190734862
5.993834972381592,6.401999950408936
6.274849891662598,6.61299991607666
6.46926212310791,6.683000087738037
6.572781562805176,7.456999778747559
7.329248428344727,7.105000019073486
7.085732460021973,8.159999847412111
8.019436836242676,8.51200008392334
8.347246170043945,9.637999534606934
9.4507474899292,10.130000114440918
9.881455421447754,10.0600004196167
9.8855619430542,9.918999671936035
9.698522567749023,9.56700038909912
9.291852951049805,9.28600025177002
8.943974494934082,8.581999778747559
8.318366050720215,8.230999946594237
8.033989906311035,8.371000289916992
8.130739212036133,7.948999881744385
7.833909511566162,7.809000015258789
7.659731388092041,7.597000122070312
7.443533897399902,7.809000015258789
7.606651306152344,7.73799991607666
7.59635066986084,7.809000015258789
7.636524200439453,8.300999641418457
8.092009544372559,8.652999877929688
8.512396812438965,8.793000221252441
8.71628189086914,8.722999572753906
8.634041786193848,9.496999740600586
9.324200630187988,10.482000350952148
10.308150291442871,11.043999671936035
10.89842414855957,11.607000350952148
11.423141479492188,12.100000381469728
11.873059272766113,11.255999565124512
11.038016319274902,10.973999977111816
10.674598693847656,11.395999908447266
10.98824405670166,11.114999771118164
10.745965003967285,10.692999839782717
10.332341194152832,10.762999534606934
10.409777641296387,11.467000007629396
11.159451484680176,11.395999908447266
11.162657737731934,11.888999938964846
11.672353744506836,11.888999938964846
11.653788566589355,11.817999839782717
11.613492012023926,11.467000007629396
11.224156379699707,11.607000350952148
11.329760551452637,9.848999977111816
9.830042839050293,8.371000289916992
8.500454902648926,10.130000114440918
9.914544105529785,10.762999534606934
10.584134101867676,8.442000389099121
8.637749671936035,8.300999641418457
8.207870483398438,9.777999877929688
9.366711616516113,10.552000045776367
10.373137474060059,10.904000282287598
10.76431941986084,11.043999671936035
10.80236530303955,10.621999740600586
10.399983406066895,10.833000183105469
10.648491859436035,10.692999839782717
10.483244895935059,10.904000282287598
10.534588813781738,10.552000045776367
10.193265914916992,11.114999771118164
10.804739952087402,11.043999671936035
10.794955253601074,10.692999839782717
10.46564769744873,10.270999908447266
10.05525016784668,10.130000114440918
9.884824752807617,10.340999603271484
10.08760929107666,10.482000350952148
10.222355842590332,10.340999603271484
10.080801963806152,9.918999671936035
9.669921875,9.98900032043457
9.728631019592285,10.199999809265137
9.972062110900879,9.98900032043457
9.786726951599121,10.270999908447266
10.00994873046875,10.833000183105469
10.574263572692871,10.552000045776367
10.381114959716797,11.326000213623049
11.143492698669434,11.536999702453612
11.349413871765137,12.380999565124512
12.238556861877441,12.451000213623049
12.243802070617676,13.085000038146973
12.921344757080078,13.366000175476074
13.112489700317383,14.491000175476074
14.300812721252441,15.265000343322756
14.96724796295166,15.54699993133545
15.26274585723877,14.42099952697754
14.00744342803955,13.435999870300291
13.049520492553711,13.29599952697754
12.947310447692871,12.944000244140623
12.542025566101074,12.661999702453612
12.264966011047363,12.522000312805176
12.117077827453613,12.451000213623049
12.054961204528809,12.522000312805176
12.1796236038208,12.732999801635742
12.44095230102539,12.732999801635742
12.441032409667969,12.592000007629396
12.28709888458252,12.451000213623049
12.159321784973145,12.732999801635742
12.455355644226074,12.451000213623049
12.163302421569824,13.225000381469728
12.91662311553955,13.366000175476074
13.057833671569824,13.718000411987305
13.473349571228027,14.70300006866455
14.478327751159668,13.99899959564209
13.722187995910645,14.70300006866455
14.46395492553711,15.053999900817873
14.704056739807129,16.812999725341793
16.586572647094727,16.320999145507812
15.881591796875,16.601999282836914
16.305383682250977,16.180000305175778
15.681924819946289,15.758000373840332
15.293595314025879,15.336000442504885
14.861456871032715,15.336000442504885
14.841367721557617,14.984000205993652
14.520264625549316,14.70300006866455
14.272053718566895,14.562000274658203
14.180824279785156,14.140000343322756
13.761977195739746,14.491000175476074
14.152121543884277,14.562000274658203
14.2118501663208,14.279999732971191
13.922816276550293,14.140000343322756
13.78072452545166,14.35099983215332
14.019161224365234,14.562000274658203
14.240511894226074,16.038999557495114
15.768641471862793,16.461000442504886
16.12299919128418,15.19499969482422
14.857635498046875,14.140000343322756
13.801886558532715,15.406000137329102
15.105916976928711,14.42099952697754
13.995213508605957,15.758000373840332
15.344342231750488,16.180000305175778
15.673471450805664,16.882999420166016
16.537860870361328,16.25
15.881685256958008,17.165000915527347
16.933773040771484,16.882999420166016
16.46253204345703,16.320999145507812
15.865645408630371,15.968999862670898
15.487988471984863,15.89799976348877
15.398477554321289,15.687000274658203
15.246479034423828,15.968999862670898
15.547231674194336,16.25
15.835832595825195,16.108999252319336
15.670958518981934,16.108999252319336
15.74179744720459,16.25
15.887369155883789,16.461000442504886
16.105093002319336,16.882999420166016
16.535184860229492,16.672000885009766
16.27752113342285,15.687000274658203
15.240540504455566,14.843000411987305
14.493961334228516,15.336000442504885
14.940760612487793,14.984000205993652
14.590046882629395,14.70300006866455
14.304230690002441,14.984000205993652
14.552407264709473,15.687000274658203
15.276041030883789,16.743000030517578
16.45161247253418,16.108999252319336
15.79871654510498,16.320999145507812
16.018272399902344,15.82800006866455
15.376062393188477,15.54699993133545
15.179766654968262,16.320999145507812
15.884222984313965,16.038999557495114
15.528586387634277,16.672000885009766
16.27586555480957,15.053999900817873
14.573448181152344,16.108999252319336
15.754653930664062,16.601999282836914
16.18710708618164,14.631999969482422
14.33405590057373,12.239999771118164
12.459312438964844,9.708000183105469
10.267971992492676,8.652999877929688
9.826489448547363,9.98900032043457
10.709061622619629,10.973999977111816
10.78862476348877,8.090000152587889
8.316505432128906,11.326000213623049
10.52092170715332,12.380999565124512
11.841590881347656,13.154999732971191
12.908770561218262,12.522000312805176
12.366602897644043,13.013999938964846
12.720356941223145,13.506999969482422
13.075740814208984,13.506999969482422
13.167113304138184,13.99899959564209
13.6265230178833,13.788000106811523
13.288533210754395,14.140000343322756
13.81552791595459,13.788000106811523
13.432662963867188,13.506999969482422
13.17139720916748,13.154999732971191
12.76986026763916,13.435999870300291
13.092915534973145,13.366000175476074
13.024493217468262,12.944000244140623
12.601391792297363,12.944000244140623
12.607625961303711,13.366000175476074
13.039013862609863,13.085000038146973
12.793961524963379,13.085000038146973
12.785982131958008,12.803000450134276
12.469216346740723,13.013999938964846
12.708791732788086,12.944000244140623
12.649235725402832,12.87399959564209
12.575369834899902,12.522000312805176
12.192750930786133,12.522000312805176
12.204386711120605,12.732999801635742
12.44793701171875,12.803000450134276
12.51156234741211,12.592000007629396
12.28396987915039,12.87399959564209
12.553670883178711,12.732999801635742
12.432642936706543,9.425999641418455
9.825146675109863,8.090000152587889
8.411094665527344,6.330999851226808
6.778021335601807,5.3460001945495605
5.794437408447266,6.401999950408936
6.704668998718262,8.300999641418457
8.099095344543457,8.652999877929688
8.129133224487305,8.51200008392334
8.297162055969238,8.51200008392334
8.393610000610352,8.51200008392334
8.348784446716309,8.230999946594237
8.101839065551758,8.51200008392334
8.145824432373047,7.809000015258789
7.473728179931641,7.73799991607666
7.4790143966674805,7.73799991607666
7.539148807525635,7.948999881744385
7.735788345336914,7.879000186920166
7.704980373382568,7.105000019073486
7.066397666931152,7.597000122070312
7.359319686889648,7.456999778747559
7.30570125579834,7.809000015258789
7.623496055603027,7.879000186920166
7.70557975769043,8.020000457763674
7.864314079284668,7.668000221252441
7.559332847595215,7.456999778747559
7.3233323097229,7.0349998474121085
6.938985824584961,7.175000190734862
6.967620372772217,7.0349998474121085
6.882087707519531,6.894000053405763
6.752315998077393,7.386000156402588
7.124953746795654,7.315999984741211
7.159356117248535,7.105000019073486
7.022561550140381,7.105000019073486
6.955079078674316,7.105000019073486
6.932146072387695,6.964000225067139
6.8224778175354,6.752999782562256
6.626871109008789,6.823999881744385
6.630338668823242,6.823999881744385
6.641140937805176,6.752999782562256
6.6201324462890625,6.823999881744385
6.6620192527771,7.105000019073486
6.917203426361084,7.245999813079834
7.1151123046875,7.386000156402588
7.278763294219971,7.175000190734862
7.076169013977051,6.964000225067139
6.831568241119385,6.823999881744385
6.665149688720703,6.683000087738037
6.526701927185059,6.330999851226808
6.215094566345215,6.541999816894531
6.338287830352783,4.361999988555908
4.713961601257324,5.557000160217285
5.458622932434082,5.627999782562256
5.59814453125,5.9790000915527335
5.906707763671875,5.697999954223633
5.693262100219727,5.908999919891357
5.7695770263671875,5.76800012588501
5.679049491882324,5.697999954223633
5.631213188171387,5.416999816894531
5.370981693267822,5.76800012588501
5.514698028564453,5.627999782562256
5.499497413635254,5.697999954223633
5.583052635192871,6.050000190734862
5.886519432067871,5.908999919891357
5.815671443939209,5.9790000915527335
5.882155418395996,6.050000190734862
5.9114179611206055,6.4720001220703125
6.299986839294434,6.401999950408936
6.298129081726074,6.401999950408936
6.296211242675781,6.752999782562256
6.564804553985596,7.105000019073486
6.947351455688477,7.175000190734862
7.082189083099365,7.315999984741211
7.194348335266113,5.627999782562256
5.823787689208984,4.432000160217285
4.694700241088867,6.4720001220703125
6.298826694488525,6.4720001220703125
6.413453102111816,6.894000053405763
6.825181007385254,6.61299991607666
6.499046325683594,6.894000053405763
6.723702430725098,6.683000087738037
6.564027786254883,6.964000225067139
6.842161178588867,7.315999984741211
7.058004379272461,7.456999778747559
7.238560199737549,7.879000186920166
7.743687629699707,8.300999641418457
8.167537689208984,9.003999710083008
8.873002052307129,9.145000457763672
9.02294635772705,7.456999778747559
7.553002834320068,6.823999881744385
6.898550510406494,6.683000087738037
6.664752006530762,6.401999950408936
6.373526573181152,3.7279999256134033
4.254576206207275,4.150000095367432
4.219615936279297,6.541999816894531
6.55903434753418,6.964000225067139
7.049754619598389,6.261000156402588
6.557568550109863,6.119999885559082
6.12493896484375,6.894000053405763
6.563977241516113,6.261000156402588
6.189459800720215,7.0349998474121085
6.855194568634033,7.526999950408935
7.1587018966674805,7.73799991607666
7.561030387878418,7.809000015258789
7.7386298179626465,6.752999782562256
6.780334949493408,7.105000019073486
6.879899024963379,6.61299991607666
6.467745304107666,6.823999881744385
6.607039451599121,6.4720001220703125
6.293544292449951,7.597000122070312
7.266436576843262,6.894000053405763
6.8391218185424805,7.668000221252441
7.5350494384765625,9.21500015258789
9.010293006896973,9.848999977111816
9.71304988861084,9.003999710083008
8.988673210144043,9.28600025177002
9.106812477111816,9.56700038909912
9.263651847839355,9.21500015258789
8.972798347473145,9.21500015258789
8.903483390808105,10.482000350952148
10.096653938293457,11.958999633789062
11.711268424987793,11.678000450134276
11.541621208190918,11.678000450134276
11.565117835998535,11.467000007629396
11.195054054260254,9.918999671936035
9.847600936889648,9.496999740600586
9.389657020568848,9.425999641418455
9.230338096618652,9.28600025177002
9.05659008026123,8.793000221252441
8.632878303527832,8.442000389099121
8.260998725891113,8.722999572753906
8.46038818359375,8.371000289916992
8.260384559631348,8.300999641418457
8.189249992370605,8.230999946594237
8.047688484191895,8.159999847412111
7.976658344268799,8.51200008392334
8.288588523864746,9.145000457763672
8.952362060546875,9.28600025177002
9.171029090881348,9.637999534606934
9.524806022644043,8.86400032043457
8.784235000610352,9.56700038909912
9.34367847442627,9.496999740600586
9.28271198272705,9.074999809265137
8.886473655700684,9.777999877929688
9.451233863830566,11.1850004196167
10.943093299865723,10.762999534606934
10.644762992858887,9.918999671936035
9.830229759216309,10.340999603271484
10.047959327697754,9.918999671936035
9.67548656463623,9.918999671936035
9.646096229553223,9.425999641418455
9.167130470275879,9.355999946594238
9.079461097717285,9.21500015258789
9.005008697509766,8.722999572753906
8.624337196350098,8.51200008392334
8.372620582580566,8.652999877929688
8.414868354797363,7.73799991607666
7.727173328399658,8.51200008392334
8.223881721496582,9.003999710083008
8.758877754211426,9.145000457763672
9.002591133117676,9.425999641418455
9.293001174926758,9.145000457763672
9.026224136352539,9.777999877929688
9.617828369140625,9.918999671936035
9.764988899230957,9.425999641418455
9.30197525024414,9.21500015258789
8.933393478393555,9.21500015258789
8.940993309020996,8.86400032043457
8.689544677734375,8.652999877929688
8.466938972473145,8.51200008392334
8.316396713256836,8.86400032043457
8.582052230834961,5.9790000915527335
6.480966567993164,6.823999881744385
6.775798797607422,5.76800012588501
5.999976634979248,6.261000156402588
6.219756126403809,5.697999954223633
5.765583038330078,6.261000156402588
6.0227766036987305,7.526999950408935
7.204291820526123,8.090000152587889
8.0137939453125,7.456999778747559
7.587798118591309,7.526999950408935
7.402472496032715,8.230999946594237
7.97689151763916,8.51200008392334
8.306312561035156,8.51200008392334
8.340389251708984,8.371000289916992
8.13575553894043,7.597000122070312
7.467174053192139,8.442000389099121
8.177180290222168,8.159999847412111
7.979317665100098,8.300999641418457
8.080904960632324,8.722999572753906
8.471596717834473,9.425999641418455
9.243803977966309,9.21500015258789
9.153786659240723,9.355999946594238
9.25872802734375,9.425999641418455
9.263340950012207,9.074999809265137
8.89024543762207,8.86400032043457
8.630184173583984,8.934000015258789
8.64279556274414,8.371000289916992
8.209425926208496,9.425999641418455
9.1126127243042,8.86400032043457
8.692770957946777,9.003999710083008
8.809967041015625,8.371000289916992
8.237138748168945,8.86400032043457
8.599349975585938,9.425999641418455
9.201410293579102,9.21500015258789
9.087325096130371,9.425999641418455
9.26074504852295,9.355999946594238
9.151812553405762,9.918999671936035
9.753148078918457,9.777999877929688
9.627256393432617,9.28600025177002
9.128533363342285,9.56700038909912
9.27242660522461,9.56700038909912
9.33252239227295,9.21500015258789
9.02515697479248,10.130000114440918
9.8341064453125,10.762999534606934
10.552263259887695,10.621999740600586
10.499835014343262,11.536999702453612
11.390318870544434,11.607000350952148
11.434587478637695,11.326000213623049
11.183878898620605,11.467000007629396
11.202799797058105,10.482000350952148
10.215869903564453,10.130000114440918
9.87114429473877,9.918999671936035
9.692988395690918,9.848999977111816
9.632439613342285,10.199999809265137
9.879131317138672,10.0600004196167
9.766562461853027,10.130000114440918
9.854915618896484,10.130000114440918
9.881597518920898,9.918999671936035
9.725735664367676,9.708000183105469
9.505473136901855,9.918999671936035
9.66761302947998,10.199999809265137
9.957539558410645,10.973999977111816
10.74997615814209,10.482000350952148
10.31851577758789,10.41100025177002
10.221598625183105,10.270999908447266
10.02416706085205,10.692999839782717
10.459335327148438,10.552000045776367
10.292988777160645,10.692999839782717
10.417635917663574,11.326000213623049
11.053454399108887,11.958999633789062
11.757136344909668,11.536999702453612
11.39818286895752,11.467000007629396
11.25473690032959,11.255999565124512
10.970213890075684,11.114999771118164
10.842644691467285,10.762999534606934
10.465361595153809,10.692999839782717
10.370652198791504,10.762999534606934
10.45214557647705,10.552000045776367
10.276041984558105,10.621999740600586
10.353852272033691,10.482000350952148
10.217586517333984,10.482000350952148
10.230481147766113,10.692999839782717
10.44074535369873,10.833000183105469
10.59001350402832,10.692999839782717
10.464349746704102,10.762999534606934
10.510802268981934,10.692999839782717
10.450779914855957,11.678000450134276
11.430556297302246,11.748000144958494
11.536761283874512,11.817999839782717
11.634361267089844,11.888999938964846
11.662419319152832,12.029000282287598
11.8052396774292,11.817999839782717
11.559054374694824,12.380999565124512
12.07163143157959,11.607000350952148
11.299036979675293,11.326000213623049
11.010452270507812,11.607000350952148
11.303811073303223,10.904000282287598
10.690266609191895,10.762999534606934
10.507560729980469,10.340999603271484
10.118951797485352,9.637999534606934
9.51701831817627,10.41100025177002
10.090359687805176,10.130000114440918
9.911840438842773,9.918999671936035
9.694411277770996,10.130000114440918
9.830161094665527,9.777999877929688
9.567545890808105,10.199999809265137
9.96889591217041,9.777999877929688
9.57429027557373,9.145000457763672
9.021807670593262,9.98900032043457
9.676004409790039,10.552000045776367
10.321144104003906,10.904000282287598
10.742414474487305,11.467000007629396
11.277352333068848,11.536999702453612
11.366296768188477,11.607000350952148
11.469365119934082,11.678000450134276
11.47216510772705,11.536999702453612
11.262340545654297,11.678000450134276
11.326831817626953,12.029000282287598
11.702332496643066,11.326000213623049
11.0384521484375,11.255999565124512
10.949753761291504,10.552000045776367
10.353732109069824,10.621999740600586
10.382654190063477,10.973999977111816
10.699406623840332,10.340999603271484
10.11817455291748,10.130000114440918
9.891189575195312,9.918999671936035
9.686027526855469,10.41100025177002
10.15421199798584,10.41100025177002
10.1864652633667,10.41100025177002
10.166687965393066,10.41100025177002
10.1455078125,10.41100025177002
10.167974472045898,10.41100025177002
10.209824562072754,10.41100025177002
10.177557945251465,10.41100025177002
10.160533905029297,10.41100025177002
10.153107643127441,10.41100025177002
10.168611526489258,10.41100025177002
10.168611526489258,10.41100025177002
10.168611526489258,10.41100025177002
10.168611526489258,10.41100025177002
10.168611526489258,10.41100025177002
10.168611526489258,10.41100025177002
10.168611526489258,10.41100025177002
10.168611526489258,10.41100025177002
10.168611526489258,10.41100025177002
10.168611526489258,10.41100025177002
10.168611526489258,10.41100025177002
10.168611526489258,10.41100025177002
10.168611526489258,10.41100025177002
10.168611526489258,10.41100025177002
10.168611526489258,8.51200008392334
8.652063369750977,8.51200008392334
8.46003246307373,8.230999946594237
8.197630882263184,8.300999641418457
8.178760528564453,8.371000289916992
8.175881385803223,8.230999946594237
8.002114295959473,8.581999778747559
8.296008110046387,9.425999641418455
9.220297813415527,10.833000183105469
10.735878944396973,10.482000350952148
10.388628959655762,9.777999877929688
9.726099967956543,9.848999977111816
9.578046798706055,9.918999671936035
9.62014102935791,10.41100025177002
10.069051742553711,10.904000282287598
10.570089340209961,11.678000450134276
11.416457176208496,12.029000282287598
11.840085983276367,11.888999938964846
11.766186714172363,11.326000213623049
11.135458946228027,10.904000282287598
10.600274085998535,10.833000183105469
10.500941276550293,10.482000350952148
10.179722785949707,10.41100025177002
10.10480785369873,10.270999908447266
9.98416805267334,9.98900032043457
9.760592460632324,9.56700038909912
9.41077995300293,9.21500015258789
9.07137680053711,9.21500015258789
9.022943496704102,8.51200008392334
8.436736106872559,8.934000015258789
8.680276870727539,8.934000015258789
8.711312294006348,8.652999877929688
8.498495101928711,8.722999572753906
8.516611099243164,8.722999572753906
8.505995750427246,9.21500015258789
9.002701759338379,9.637999534606934
9.476741790771484,10.482000350952148
10.342535972595215,10.199999809265137
10.095003128051758,10.340999603271484
10.233880043029785,10.199999809265137
10.00678539276123,11.114999771118164
10.870499610900879,10.482000350952148
10.25891399383545,10.0600004196167
9.798859596252441,9.56700038909912
9.336108207702637,9.425999641418455
9.234625816345215,9.56700038909912
9.3472261428833,9.848999977111816
9.562793731689453,9.637999534606934
9.373847007751465,9.28600025177002
9.066140174865723,9.496999740600586
9.246636390686035,9.496999740600586
9.293187141418457,9.637999534606934
9.437745094299316,9.56700038909912
9.343838691711426,9.848999977111816
9.6063232421875,9.56700038909912
9.373799324035645,9.355999946594238
9.15607738494873,9.425999641418455
9.185439109802246,9.637999534606934
9.401799201965332,9.918999671936035
9.69368839263916,10.621999740600586
10.414875984191895,10.692999839782717
10.532598495483398,10.973999977111816
10.837821006774902,12.239999771118164
12.096833229064941,12.661999702453612
12.483635902404785,13.435999870300291
13.268691062927246,13.085000038146973
12.775253295898438,11.678000450134276
11.437736511230469,11.043999671936035
10.857671737670898,10.552000045776367
10.433873176574707,9.56700038909912
9.504288673400879,9.425999641418455
9.257527351379395,8.722999572753906
8.627315521240234,8.442000389099121
8.292089462280273,9.21500015258789
8.921528816223145,9.425999641418455
9.188464164733887,9.637999534606934
9.398381233215332,9.708000183105469
9.5241117477417,9.425999641418455
9.300338745117188,9.56700038909912
9.382494926452637,9.777999877929688
9.567215919494629,10.762999534606934
10.523564338684082,11.1850004196167
10.979918479919434,11.1850004196167
11.043511390686035,11.1850004196167
11.022114753723145,11.817999839782717
11.619988441467285,11.678000450134276
11.456503868103027,12.239999771118164
11.981184959411621,12.380999565124512
12.085679054260254,11.607000350952148
11.346545219421387,10.762999534606934
10.56717586517334,10.0600004196167
9.983677864074707,9.637999534606934
9.57138729095459,9.708000183105469
9.534728050231934,9.848999977111816
9.610733985900879,10.270999908447266
9.913223266601562,10.130000114440918
9.819872856140137,9.918999671936035
9.687273979187012,9.637999534606934
9.454858779907227,9.425999641418455
9.260613441467285,9.708000183105469
9.460233688354492,9.918999671936035
9.669059753417969,9.848999977111816
9.613940238952637,9.848999977111816
9.605953216552734,10.0600004196167
9.828421592712402,9.918999671936035
9.730241775512695,10.130000114440918
9.91313648223877,9.848999977111816
9.628721237182617,9.918999671936035
9.673710823059082,9.777999877929688
9.54600715637207,10.130000114440918
9.887044906616211,10.762999534606934
10.531713485717773,10.904000282287598
10.721818923950195,10.973999977111816
10.816030502319336,10.833000183105469
10.648489952087402,10.270999908447266
10.061678886413574,9.56700038909912
9.428656578063965,9.28600025177002
9.119532585144043,9.21500015258789
9.01504135131836,8.934000015258789
8.76223373413086,8.934000015258789
8.709610939025879,8.581999778747559
8.410768508911133,8.581999778747559
8.384970664978027,8.581999778747559
8.404221534729004,8.51200008392334
8.343021392822266,8.371000289916992
8.199498176574707,8.159999847412111
7.994476795196533,8.51200008392334
8.270295143127441,9.496999740600586
9.275803565979004,10.199999809265137
10.06891918182373,10.270999908447266
10.169979095458984,9.98900032043457
9.883990287780762,10.130000114440918
9.942611694335938,10.0600004196167
9.828444480895996,10.552000045776367
10.25603199005127,12.029000282287598
11.718840599060059,13.154999732971191
12.865069389343262,13.29599952697754
13.095240592956543,12.944000244140623
12.727462768554688,13.225000381469728
12.935709953308105,11.395999908447266
11.12028980255127,10.904000282287598
10.714337348937988,11.043999671936035
10.742375373840332,10.552000045776367
10.337855339050293,10.270999908447266
10.052592277526855,9.777999877929688
9.567449569702148,10.130000114440918
9.831832885742188,10.130000114440918
9.897150993347168,9.848999977111816
9.693570137023926,9.98900032043457
9.715782165527344,9.918999671936035
9.667086601257324,10.130000114440918
9.921297073364258,10.482000350952148
10.262240409851074,10.692999839782717
10.502440452575684,10.833000183105469
10.657185554504395,11.114999771118164
10.933812141418457,11.536999702453612
11.36312198638916,11.958999633789062
11.776163101196289,12.029000282287598
11.833032608032227,12.803000450134276
12.595677375793457,12.732999801635742
12.495017051696777,12.661999702453612
12.43319034576416,12.661999702453612
12.341511726379395,12.029000282287598
11.697287559509277,11.678000450134276
11.32589054107666,11.395999908447266
11.086487770080566,10.833000183105469
10.624523162841797,10.833000183105469
10.573018074035645,10.340999603271484
10.156637191772461,10.482000350952148
10.212296485900879,10.41100025177002
10.153909683227539,10.130000114440918
9.918821334838867,10.0600004196167
9.825807571411133,9.98900032043457
9.748126029968262,9.708000183105469
9.527446746826172,9.425999641418455
9.252065658569336,9.777999877929688
9.502076148986816,10.130000114440918
9.87923526763916,10.199999809265137
9.996928215026855,10.0600004196167
9.87171459197998,10.340999603271484
10.116771697998047,10.130000114440918
9.941560745239258,9.918999671936035
9.717001914978027,10.199999809265137
9.928391456604004,10.340999603271484
10.08377742767334,10.130000114440918
9.905753135681152,9.918999671936035
9.676913261413574,8.934000015258789
8.872706413269043,9.003999710083008
8.836928367614746,9.355999946594238
9.124611854553223,8.86400032043457
8.735894203186035,9.074999809265137
8.809294700622559,8.722999572753906
8.525938987731934,8.86400032043457
8.653594970703125,8.86400032043457
8.672993659973145,8.300999641418457
8.2090482711792,8.020000457763674
7.883378982543945,8.020000457763674
7.822701454162598,8.159999847412111
7.970215797424316,8.159999847412111
7.96673059463501,8.159999847412111
7.946018218994141,8.51200008392334
8.287869453430176,8.442000389099121
8.30201244354248,6.823999881744385
7.03303337097168,3.025000095367432
3.8181979656219482,4.150000095367432
4.066919803619385,3.938999891281128
4.7362799644470215,4.7839999198913565
4.840494632720947,5.76800012588501
5.598647594451904,6.683000087738037
6.4193115234375,6.894000053405763
6.748377323150635,7.0349998474121085
6.968034267425537,6.401999950408936
6.44477653503418,6.330999851226808
6.08120059967041,6.050000190734862
5.760251045227051,6.894000053405763
6.456616401672363,7.245999813079834
6.969804763793945,6.261000156402588
6.273096084594727,6.823999881744385
6.625465393066406,7.315999984741211
7.093760967254639,7.668000221252441
7.580178260803223,7.73799991607666
7.635049343109131,7.456999778747559
7.334659576416016,7.668000221252441
7.460340976715088,8.020000457763674
7.83629035949707,8.300999641418457
8.153863906860352,8.159999847412111
7.994982719421387,8.090000152587889
7.927792549133301,8.090000152587889
7.899393081665039,8.371000289916992
8.1627836227417,8.934000015258789
8.74039363861084,9.425999641418455
9.264857292175293,9.56700038909912
9.457024574279785,9.98900032043457
9.8693265914917,9.28600025177002
9.192347526550293,9.28600025177002
9.069249153137207,9.145000457763672
8.848498344421387,8.442000389099121
8.28357219696045,8.722999572753906
8.42638874053955,8.442000389099121
8.25683307647705,8.230999946594237
8.081345558166504,8.300999641418457
8.094078063964844,7.879000186920166
7.76527738571167,7.809000015258789
7.660429954528809,7.809000015258789
7.634258270263672,7.948999881744385
7.754622459411621,7.948999881744385
7.755725383758545,8.159999847412111
7.961269378662109,8.51200008392334
8.341508865356445,9.074999809265137
8.944842338562012,9.074999809265137
9.00265121459961,9.003999710083008
8.910115242004395,9.074999809265137
8.907329559326172,9.56700038909912
9.35961627960205,10.199999809265137
10.00670337677002,11.043999671936035
10.861754417419434,12.029000282287598
11.844477653503418,12.170000076293944
11.99167537689209,12.310999870300291
12.142698287963867,10.552000045776367
10.373229026794434,10.904000282287598
10.634397506713867,10.270999908447266
9.996383666992188,10.270999908447266
9.950559616088867,9.777999877929688
9.51464557647705,9.848999977111816
9.535923957824707,10.0600004196167
9.770345687866211,9.777999877929688
9.572728157043457,9.496999740600586
9.352269172668457,9.848999977111816
9.559624671936035,9.708000183105469
9.506014823913574,9.496999740600586
9.297234535217285,9.56700038909912
9.320283889770508,10.340999603271484
10.068687438964844,10.41100025177002
10.250627517700195,10.621999740600586
10.479453086853027,10.270999908447266
10.101960182189941,10.340999603271484
10.116101264953613,10.833000183105469
10.585745811462402,11.536999702453612
11.316694259643555,12.100000381469728
11.875563621520996,13.57699966430664
13.366823196411133,14.279999732971191
14.021183967590332,13.506999969482422
13.292532920837402,13.928999900817873
13.624929428100586,12.029000282287598
11.666953086853027,11.678000450134276
11.430962562561035,11.043999671936035
10.814626693725586,10.904000282287598
10.679734230041504,11.1850004196167
10.872039794921875,11.1850004196167
10.824431419372559,10.762999534606934
10.483366012573242,10.904000282287598
10.57563304901123,10.833000183105469
10.609891891479492,10.833000183105469
10.606209754943848,10.621999740600586
10.38347339630127,10.973999977111816
10.69150447845459,11.467000007629396
11.19967269897461,11.817999839782717
11.615139961242676,11.1850004196167
10.99967098236084,11.1850004196167
10.917515754699707,11.536999702453612
11.267477989196777,11.326000213623049
11.080853462219238,12.310999870300291
12.014296531677246,13.29599952697754
13.004914283752441,14.140000343322756
13.918381690979004,14.35099983215332
14.144885063171387,13.647000312805176
13.392728805541992,12.592000007629396
12.25183391571045,11.678000450134276
11.519710540771484,10.904000282287598
10.802639961242676,10.692999839782717
10.504992485046387,10.552000045776367
10.357283592224121,10.552000045776367
10.285916328430176,10.904000282287598
10.538805961608887,10.904000282287598
10.574933052062988,10.692999839782717
10.442378044128418,10.973999977111816
10.72949504852295,11.114999771118164
10.890439987182617,10.833000183105469
10.618790626525879,10.973999977111816
10.707113265991211,10.904000282287598
10.635568618774414,11.114999771118164
10.859710693359375,11.114999771118164
10.857600212097168,11.1850004196167
10.93001937866211,11.255999565124512
10.989487648010254,11.1850004196167
10.9326810836792,11.817999839782717
11.56958293914795,13.29599952697754
13.073639869689941,13.57699966430664
13.349784851074219,13.225000381469728
13.027960777282715,13.085000038146973
12.798563957214355,11.467000007629396
11.308758735656738,11.326000213623049
11.133089065551758,11.326000213623049
11.036060333251953,11.1850004196167
10.868780136108398,11.326000213623049
10.94899845123291,10.621999740600586
10.356280326843262,10.199999809265137
10.008232116699219,10.199999809265137
9.995498657226562,9.848999977111816
9.73725414276123,10.130000114440918
9.86607551574707,10.973999977111816
10.65451717376709,10.199999809265137
9.97897720336914,10.833000183105469
10.585335731506348,11.114999771118164
10.897805213928223,11.536999702453612
11.39709758758545,10.552000045776367
10.369475364685059,10.482000350952148
10.203672409057617,10.340999603271484
10.054291725158691,10.904000282287598
10.639368057250977,11.114999771118164
10.838517189025879,11.255999565124512
10.977261543273926,11.817999839782717
11.583484649658203,12.380999565124512
12.19861888885498,11.958999633789062
11.828425407409668,11.748000144958494
11.510640144348145,10.482000350952148
10.339715003967285,9.848999977111816
9.783093452453613,9.425999641418455
9.359827995300293,9.496999740600586
9.337355613708496,9.425999641418455
9.226435661315918,9.21500015258789
8.989449501037598,9.28600025177002
9.029211044311523,9.003999710083008
8.8347806930542,8.86400032043457
8.736922264099121,8.51200008392334
8.393198013305664,8.51200008392334
8.32909107208252,8.581999778747559
8.366799354553223,8.793000221252441
8.561715126037598,9.425999641418455
9.206055641174316,8.722999572753906
8.613541603088379,9.145000457763672
8.952813148498535,9.003999710083008
8.812201499938965,9.21500015258789
9.029707908630371,9.425999641418455
9.204833030700684,10.130000114440918
9.927533149719238,10.762999534606934
10.602752685546875,10.552000045776367
10.444594383239746,9.918999671936035
9.801247596740723,9.355999946594238
9.163718223571777,9.21500015258789
9.028365135192871,9.21500015258789
8.95927906036377,8.442000389099121
8.314167976379395,8.51200008392334
8.266003608703613,8.300999641418457
8.115466117858887,8.159999847412111
8.01882266998291,8.51200008392334
8.2875394821167,8.020000457763674
7.903848648071289,8.020000457763674
7.85487174987793,8.020000457763674
7.835256576538086,7.948999881744385
7.794154167175293,7.668000221252441
7.541933059692383,7.948999881744385
7.7134599685668945,8.230999946594237
8.0115966796875,8.371000289916992
8.220206260681152,8.442000389099121
8.323718070983887,8.652999877929688
8.503984451293945,9.28600025177002
9.13662338256836,10.270999908447266
10.133265495300293,11.326000213623049
11.17278003692627,12.451000213623049
12.230483055114746,12.380999565124512
12.114233016967773,11.536999702453612
11.31716251373291,11.326000213623049
10.964468955993652,10.833000183105469
10.40517520904541,10.270999908447266
9.925625801086426,10.199999809265137
9.838918685913086,9.637999534606934
9.428014755249023,9.56700038909912
9.335110664367676,9.28600025177002
9.113089561462402,9.21500015258789
9.035951614379883,9.21500015258789
9.010208129882812,8.86400032043457
8.716979026794434,9.074999809265137
8.84789752960205,9.003999710083008
8.790738105773926,9.21500015258789
9.003670692443848,9.28600025177002
9.083853721618652,9.145000457763672
8.961028099060059,9.777999877929688
9.564162254333496,9.98900032043457
9.833048820495605,10.0600004196167
9.938645362854004,10.833000183105469
10.658897399902344,11.1850004196167
11.03773021697998,11.958999633789062
11.820157051086426,13.085000038146973
12.889386177062988,11.958999633789062
11.73930835723877,12.029000282287598
11.758883476257324,12.029000282287598
11.625040054321289,11.817999839782717
11.478499412536621,10.621999740600586
10.354926109313965,10.199999809265137
9.994111061096191,10.130000114440918
9.941336631774902,10.270999908447266
10.067174911499023,9.777999877929688
9.64476490020752,9.21500015258789
9.042071342468262,9.21500015258789
8.982468605041504,9.074999809265137
8.920073509216309,9.003999710083008
8.869635581970215,9.145000457763672
8.898823738098145,9.637999534606934
9.360916137695312,9.496999740600586
9.324348449707031,9.074999809265137
8.929810523986816,9.355999946594238
9.115106582641602,9.777999877929688
9.552213668823242,9.848999977111816
9.682936668395996,10.130000114440918
9.943285942077637,9.777999877929688
9.603168487548828,5.557000160217285
6.356219291687012,5.627999782562256
5.6793317794799805,4.64300012588501
5.127608776092529,5.276000022888184
5.513837814331055,6.683000087738037
6.557522773742676,6.752999782562256
6.56329345703125,7.105000019073486
6.915850639343262,4.572999954223633
5.177292823791504,5.135000228881836
5.350198268890381,5.908999919891357
5.774124622344971,6.541999816894531
6.361203670501709,7.315999984741211
7.045956134796143,6.964000225067139
6.828957557678223,7.105000019073486
6.990963935852051,7.105000019073486
6.966282367706299,7.105000019073486
7.00804328918457,7.315999984741211
6.991184234619141,7.456999778747559
7.191620826721191,7.105000019073486
6.939433574676514,7.456999778747559
7.245524883270264,8.090000152587889
7.899782180786133,8.090000152587889
7.999161243438721,8.51200008392334
8.40256404876709,8.371000289916992
8.250479698181152,8.934000015258789
8.777650833129883,8.722999572753906
8.599017143249512,8.86400032043457
8.70553970336914,9.28600025177002
9.044781684875488,9.145000457763672
8.98575496673584,9.28600025177002
9.11067008972168,9.21500015258789
9.017244338989258,8.652999877929688
8.495983123779297,8.722999572753906
8.477826118469238,9.003999710083008
8.752427101135254,9.003999710083008
8.790426254272461,8.934000015258789
8.72152042388916,8.581999778747559
8.392670631408691,8.371000289916992
8.200583457946777,8.51200008392334
8.31148624420166,8.51200008392334
8.322559356689453,8.86400032043457
8.629230499267578,8.300999641418457
8.150932312011719,8.86400032043457
8.618063926696777,8.51200008392334
8.342358589172363,8.371000289916992
8.208181381225586,8.51200008392334
8.272849082946777,8.442000389099121
8.225354194641113,8.86400032043457
8.642224311828613,9.56700038909912
9.377249717712402,9.918999671936035
9.802982330322266,10.0600004196167
9.957634925842285,9.848999977111816
9.74467945098877,9.637999534606934
9.459054946899414,9.003999710083008
8.813194274902344,8.652999877929688
8.464083671569824,8.371000289916992
8.166313171386719,8.159999847412111
7.97523307800293,8.090000152587889
7.906940460205078,8.230999946594237
8.00621509552002,8.371000289916992
8.146065711975098,8.159999847412111
7.998113632202148,8.020000457763674
7.873331546783447,7.809000015258789
7.6655802726745605,7.668000221252441
7.526200771331787,5.627999782562256
5.929845809936523,7.0349998474121085
6.816298484802246,4.8540000915527335
5.2518510818481445,6.683000087738037
6.47905969619751,6.401999950408936
6.368264198303223,6.752999782562256
6.619246482849121,3.6579999923706055
4.36196756362915,3.6579999923706055
3.9521000385284424,4.150000095367432
4.4242939949035645,4.64300012588501
4.727956771850586,5.9790000915527335
5.822558403015137,4.361999988555908
4.648284912109375,4.64300012588501
4.770181655883789,5.839000225067139
5.55037784576416,5.908999919891357
5.935473442077637,5.9790000915527335
5.898192405700684,5.839000225067139
5.670736312866211,5.839000225067139
5.642151832580566,5.3460001945495605
5.2939653396606445,5.416999816894531
5.299030303955078,5.416999816894531
5.194147109985352,5.76800012588501
5.540132522583008,5.908999919891357
5.781373977661133,6.261000156402588
6.156087398529053,6.683000087738037
6.584278583526611,6.4720001220703125
6.435235023498535,6.401999950408936
6.310638427734375,6.964000225067139
6.73286247253418,7.526999950408935
7.322382926940918,7.73799991607666
7.604116439819336,7.809000015258789
7.684331893920898,7.668000221252441
7.522276878356934,8.159999847412111
7.9522528648376465,7.809000015258789
7.669599533081055,8.159999847412111
7.925553798675537,7.809000015258789
7.596887588500977,8.300999641418457
8.067349433898926,8.020000457763674
7.862825393676758,7.668000221252441
7.5410966873168945,7.386000156402588
7.2452592849731445,7.315999984741211
7.133693695068359,7.175000190734862
7.0449066162109375,6.894000053405763
6.777519226074219,6.61299991607666
6.503049850463867,6.401999950408936
6.2785234451293945,6.541999816894531
6.3912200927734375,6.964000225067139
6.756744384765625,6.894000053405763
6.770979404449463,7.456999778747559
7.310417652130127,7.456999778747559
7.370412826538086,8.442000389099121
8.32165241241455,7.948999881744385
7.901998996734619,8.51200008392334
8.377137184143066,9.003999710083008
8.780216217041016,9.28600025177002
9.141108512878418,9.21500015258789
9.069466590881348,9.28600025177002
9.095354080200195,9.355999946594238
9.14378833770752,9.496999740600586
9.272767066955566,9.21500015258789
9.015812873840332,9.145000457763672
8.880300521850586,9.074999809265137
8.821793556213379,8.86400032043457
8.672314643859863,8.371000289916992
8.246199607849121,8.371000289916992
8.163945198059082,8.51200008392334
8.289015769958496,8.722999572753906
8.495808601379395,9.003999710083008
8.795757293701172,9.56700038909912
9.38349437713623,9.56700038909912
9.457270622253418,8.51200008392334
8.491290092468262,8.652999877929688
8.46173095703125,8.934000015258789
8.667526245117188,9.56700038909912
9.309557914733887,10.973999977111816
10.72070598602295,11.467000007629396
11.24338150024414,11.1850004196167
11.076854705810547,10.692999839782717
10.555655479431152,10.270999908447266
10.016472816467285,10.621999740600586
10.264098167419434,11.255999565124512
10.867709159851074,11.607000350952148
11.270881652832031,12.380999565124512
12.101455688476562,11.467000007629396
11.258744239807129,11.1850004196167
10.970219612121582,10.552000045776367
10.358994483947754,9.98900032043457
9.85059642791748,9.98900032043457
9.728250503540039,9.56700038909912
9.37416934967041,9.425999641418455
9.20491886138916,9.708000183105469
9.409442901611328,9.637999534606934
9.41198444366455,9.777999877929688
9.536181449890137,9.56700038909912
9.350152969360352,9.425999641418455
9.214768409729004,9.28600025177002
9.084005355834961,9.28600025177002
9.070046424865723,9.637999534606934
9.39444351196289,9.425999641418455
9.213737487792969,9.074999809265137
8.886068344116211,8.934000015258789
8.729294776916504,9.21500015258789
8.972512245178223,9.21500015258789
9.017989158630371,9.425999641418455
9.20491886138916,10.199999809265137
9.974064826965332,10.904000282287598
10.745471000671387,11.043999671936035
10.94777774810791,10.270999908447266
10.164560317993164,9.777999877929688
9.550597190856934,9.56700038909912
