Pimax,Pimarkov
0.48732150549467856,0.48299319727891155
0.4518834563965858,0.5138055222088835
0.460702546377017,0.5786314525810324
0.48814103951206456,0.6154461784713886
0.5688542368922649,0.6738695478191277
0.5000510935576,0.725890356142457
0.5000510935576,0.725890356142457
0.5000510935576,0.725890356142457
0.5000510935576,0.725890356142457
